ID,发布时间,点赞数,评论数,转发数,页码,链接,摘要,正文
392015224,2026-05-31 23:19,476,199,12,1/3,https://xueqiu.com/2693678800/392015224,大家期待已久的康方生物 HARMONi 6 的 OS 中期数据分析总算是出来了。感谢柳叶刀提前放出了完整的数据，让我们也不用熬夜等了。因为明天还比较忙，就今晚简单写一下，后续可能会再在帖子中更新。那么废话少说，直接先看数据。共 532 例患者被随机分组（每组 266 例）。截至 2026 年 2 月 27 ...,"抬眸四顾乾坤阔
，日月星辰任君攀
：康方生物 HARMONi 6 OS 中期数据简析
来自TfR1lyxxx快乐鼠鼠的雪球专栏
来源
：雪球App
，作者
： TfR1lyxxx快乐鼠鼠
，
（https://xueqiu.com/2693678800/392015224
）
大家期待已久的康方生物 HARMONi 6 的 OS 中期数据分析总算是出来了
。感谢柳叶刀提前放出了完整的数据
，让我们也不用熬夜等了
。因为明天还比较忙
，就今晚简单写一下
，后续可能会再在帖子中更新
。
那么废话少说
，直接先看数据
。共 532 例患者被随机分组
（每组 266 例
）
。截至 2026 年 2 月 27 日
，中位随访时间 21.4 个月时
，康方生物依沃西单抗
（ivonescimab
）联合化疗相比替雷利珠单抗
（tislelizumab
）联合化疗显著改善了总生存期
（OS
）
。依沃西单抗联合化疗组中位 OS 为 27.9 个月
（95% CI
：27.89~ 未达到 [NE]
）
，替雷利珠单抗联合化疗组为 23.7 个月
（95% CI
：20.11~ 未达到 [NE]
）
（风险比 [HR]
：0.66
；95% CI
：0.50~0.87
；单侧 P=0.0017
）
，达到了预设的统计学显著性边界
（P<0.0049
）
。在所有预设亚组中
，OS 获益均一致
：在 PD-L1 肿瘤比例评分
（TPS
）<1% 的患者中
，中位 OS 分别为未达到和 18.6 个月
（HR
：0.64
；95% CI
：0.43~0.96
）在 PD-L1 TPS≥1% 的患者中
，中位 OS 分别为未达到和 27.3 个月
（HR
：0.68
；95% CI
：0.46~0.99
）
，依沃西联合化疗12个月OS率为78.9%(vs 对照组为72.2%)
，24个月OS率为64.7%(vs 对照组为48.6%)依沃西单抗联合化疗的安全性特征可控
，与既往报道一致
，未观察到新的安全性信号
。
图片来源
：Ivonescimab plus chemotherapy versus tislelizumab plus chemotherapy in advanced squamous non-small-cell lung cancer (HARMONi-6): interim overall survival analysis of a randomised, double-blind, phase 3 trial in China,Lancet.Published Online May 31, 2026 网页链接(26)00966-9
从图形上来看
，早期确实是分离趋势没有那么明显
。但是在 6 个月之后
，曲线就开始快速的分离
，并且保持分离趋势
，甚至有一定的分离扩大的趋势
。虽然不能完全体现拖尾的情况吧
，毕竟随访时间也还没有那么久
，但是至少可以说并没有出现传统贝伐珠单抗的纺锤形曲线
，甚至是一个大概率扩大差距的曲线
。大概率会呈现比 PD1 单药更好的拖尾的效果
。这也体现了我一直强调的
，VEGF 可以对肿瘤微环境进行改造
，有助于免疫治疗发挥功能的作用
，具体可以看我这篇文章
，
“高山克荒
，大川利涉
：从血管正常化的重要性聊聊康方生物AK112在免疫治疗的优势
（万字长文
）
”网页链接
（如果把免疫治疗看做一辆载满士兵的火车
，那么抗PD-1这样的ICB药物主要是负责识别敌人
，不要减速全速前进
，而抗VEGF这样的血管正常化药物则主要负责开路
，毕竟开的再快没有路也不行
，如果路不好也开不太快
，毕竟
“要想富先修路
”
，而康方生物AK112无疑是最好的选择
，低毒的抗血管
，完美的开路者
，也就是更好的免疫治疗药物
）
。对于 mOS 有一些朋友可能会觉得差值不是太大
，但是首先
，mOS 的差值本身就不能代表太多
。其次
，现在的这个 mOS 正如康方生物在公众号上写的那样
，是因为后期随访人数太少
，随访时间不够
，一两个病人的突然的事件就有可能影响较大
。我认为随着长期随访 mOS 的差值也是很有可能会变大的
。不过正如我前面说到的
，这个值本身也没有那么重要
，只要不太小就可以
。24个月OS率为64.7%(vs 对照组为48.6%)最重要
，这个数据标志着康方生物 AK112 的决定性的胜出
，代表着其已经打开了 IO 2.0 的大门
。当然
，这也代表着 H3 的鳞癌的大概率胜出
，甚至可以说失败的概率已经非常接近于 0 了
。虽然说杜根可能会比较菜
，但是至少在 H3 鳞癌这个适应症上
，只要他随访的时间足够
。那么最后一定就是拼的药物的本身的疗效
。我觉得就以目前这个数据来看
， H3 鳞癌失败的可能性真的已经非常小了
。
那么即使从最下限的角度上来看
，就算是大家对康方生物 AK112 的其他适应症有怀疑
，那么对于鳞癌来说
，至少其拿下的概率已经是接近于 100% 了
。至于说其他的适应症
，从最下限的角度上来看
，也只需要很短的时间就能拿到结果
。比如说腺癌可以看 H2 的 final OS 的分析
，包括 H3 的中期的分析
，这些都并不会太久了
，结直肠癌也是一样
。至于说更多的适应症
，我相信杜根一定不会傻等着的
，要么就是自己开发出来
，要么就是引入 MNC 进行开发
。只要将大量适应症开起来
。那么康方生物 AK112 的上限也就会非常高
。哪怕是从最下限的角度上来看
，一步一步走
。康方生物AK112 在美国多个适应症上市取得营收也只是时间的问题了
。
由于时间关系
，这次的分析就先写这么多
，也是希望可以和大家多多交流
，互相学习吧
。对于康方生物我个人是非常的看好的
，我觉得其潜力也不仅在 AK112 这一款药物上
。现在只是一个开始
，我觉得未来会越来越好的
，下限一定是会不断上升的
。至于说上限呢
，市场愿意给多少预期不重要
，因为大部分上限都会变成最后的下限
。部分内容引自Ivonescimab plus chemotherapy versus tislelizumab plus chemotherapy in advanced squamous non-small-cell lung cancer (HARMONi-6): interim overall survival analysis of a randomised, double-blind, phase 3 trial in China,Lancet.Published Online May 31, 2026 网页链接(26)00966-9以及J Clin Oncol 44, 2026 (suppl 17; abstr LBA4) 如有侵权请通知删除
，风险提示
：本文所提到的观点仅代表个人的意见
，所涉及标的不作推荐
，据此买卖
，风险自负
。谢谢大家了
。@雪球创作者中心#雪球星计划#$康方生物(09926)$"
387268079,2026-05-06 00:01,254,348,10,1/3,https://xueqiu.com/2693678800/387268079,最近实在是太忙了，五一一直都有事情。看到大家也一直都很关注 HARMONi 3 的这次中期的 PFS 的分析。现在趁有点时间，哪怕是在深夜了，也是想写出来和大家分享一下。首先我们先看结果，目前来说这次中期分析肯定是失败的，这个毋庸置疑。我们关注的是 iDMC 所给的回复，目前是推荐继续进行试...,"悟已往之不谏
，知来者之可追
：HARMONi 3 鳞癌的 PFS 中期分析
，一次有遗憾但可进步的尝试
来自TfR1lyxxx快乐鼠鼠的雪球专栏
来源
：雪球App
，作者
： TfR1lyxxx快乐鼠鼠
，
（https://xueqiu.com/2693678800/387268079
）
最近实在是太忙了
，五一一直都有事情
。看到大家也一直都很关注 HARMONi 3 的这次中期的 PFS 的分析
。现在趁有点时间
，哪怕是在深夜了
，也是想写出来和大家分享一下
。
首先我们先看结果
，目前来说这次中期分析肯定是失败的
，这个毋庸置疑
。我们关注的是 iDMC 所给的回复
，目前是推荐继续进行试验随访
。那么iDMC 给出这样一个回复意味着什么呢
？一般来说呢iDMC 的回复是基于一个上限和一个下限
。如果你的 HR 和 P 值大于了这个上限
，那么则会回复建议终止这个临床
。而如果你的 HR 和 P 值小于这个范围
，则会判定临床直接成功
，已经达到了终点
。而在这个上限和下限之间
，则会给出建议继续随访的意见
。而给出继续随访之后呢
，实际上像杜根他们并不知道目前的 HR 和 P 值是多少
，他们也只知道这两个数字在设定的那个范围内
。而这两个数字究竟是多少呢
？我猜测下限大概在 0.65 左右
，而上限则在 0.8 左右
。所以说目前也只知道数据大概在这个范围内
，而不知道具体的数字
。
对于这个结果
，我认为是一次遗憾的失败
。因为如果多分配一些阿尔法
，我觉得达到显著并非一件难事
。那么目前这个结果究竟能给我们什么信息呢
？首先我们并不知道这次的结果究竟是多少
，我们只知道结果大概的范围在什么范围
。其次
，我们目前能知道的是
，这次中期分析 HARMONi 3 所得到的 HR 值大概率是要弱于康方生物 HARMONi 6 中期分析时所得到的
。但是这不代表 HARMONi 3 的 PFS 就要弱于康方生物 HARMONi 6 的 PFS
，这是因为本身 HR 值和入组时间
、随访时间等都有关系
。对于 HARMONi 3 中鳞癌的亚组
，我认为目前拿下还是大概率的
。尤其是我认为在康方生物 HARMONi 6 的中期分析中
，OS 应该取得了不错的结果
。不过这样一次分析也反映了杜根目前在试验的设计上是比较激进
，有可能会有一些小的意外的
。因此目前来看
，尽早的卖身对于他可能来说是一种更好的选择
。而目前想要达成卖身或者说是 BD 的话
，由于这一次没有读出数据
，只能靠着康方生物 HARMONi 6 的数据去谈
，或者是等到 HARMONi 3 的最终分析得出时再去谈
。但无论是哪一个
，我想都应该加快进度
，争取在今年完成
。
总的来说呢
，这一次是一次有遗憾的失败
。但是由于有 HARMONi 6 的兜底
，至少鳞癌上还是有很大的可能性拿下的
。失败的可能性还是比较小
，只要杜根不要去搞一些胡乱的操作
。但是面对一些更难的
、更有挑战性的临床
，可能以杜根的能力来看还是有一些风险的
。还是希望他能够尽快做出 BD 或者是卖身吧
，亦或者是能够从中吸取教训
，做好后面的临床设计吧
。风险提示
：本文所提到的观点仅代表个人的意见
，所涉及标的不作推荐
，据此买卖
，风险自负
。谢谢大家了
。$康方生物(09926)$#雪球星计划#@雪球创作者中心"
381664736,2026-03-29 18:16,446,261,10,1/3,https://xueqiu.com/2693678800/381664736,最近实在是比较忙，实际上康方生物这次2025年报的交流会，我也没有时间第一时间直播观看，也是补了课才看完，看完后也是简单写一下自己的一些收获，一些自己觉得比较重要的信息和我觉得未来可能会是一些比较关键的进展，这些进展现在可能还不能当做估值来看，但是属于是我比较期待的，或者说属于我...,"关河无尽处
，风雪有行人
：康方生物2025年报交流会观后感
来自TfR1lyxxx快乐鼠鼠的雪球专栏
来源
：雪球App
，作者
： TfR1lyxxx快乐鼠鼠
，
（https://xueqiu.com/2693678800/381664736
）
最近实在是比较忙
，实际上康方生物这次2025年报的交流会
，我也没有时间第一时间直播观看
，也是补了课才看完
，看完后也是简单写一下自己的一些收获
，一些自己觉得比较重要的信息和我觉得未来可能会是一些比较关键的进展
，这些进展现在可能还不能当做估值来看
，但是属于是我比较期待的
，或者说属于我个人比较喜欢的
，简单和大家交流分享下
。
首先先聊一下最简单的就是康方生物的业绩
，在2025年康方生物的商业销售收入在30.33亿元左右
，较去年同比增长了51%
，这个数字只能说明康方生物的商业化还属于初步阶段
，康方生物有1-2年的证明自己销售能力的窗口
，我相信1-2年后
，康方生物的销售应该会是一个在国内还不错的团队
，相较于营收的一个绝对数字
，我更关注于一些比例的变化
。首先我最关注的就是销售费用率的变化
，我们可以看到从2023年到2025年
，康方生物销售费率在快速下降
，这一点可以帮助康方生物很好的降低盈亏平衡点
，也是我觉得十分重要的一点
。除此之外
，康方生物的研发支出也是保持了一定程度的增长
，大约较去年增长了50%左右
，同时研发费用所占的比例也实现了进一步下降
。一方面研发费用支出的比例下降
，可以帮助康方生物更好的更快的达到盈亏平衡
。同时我对康方生物研发费用的支出是十分的支持的
。首先康方生物的研发支出费用本来就不算高
，其次我认为康方生物的研发支出实际上是回报非常高的
，这也是为什么我一再强调我是支持康方生物这样的企业进行融资获取资金的
，最后则是管理费用的比率是一定在慢慢下降的
，康方生物也是很好的完成了这一点
。在我看来康方生物盈亏平衡点就在近前
，相信我们很快就能看到那一天的到来
，而一旦实现盈亏平衡
，企业也将一跃上岸
。
接下来来聊一下康方生物重点管线的一些进展
。首先自然就是大家最关注的AK112了
，虽然我反复强调康方生物目前已经是一个多极驱动的一家公司了
，但是对于大部分人来说
，AK112仍然是康方生物估值的核心关键
，对于这一点其实我也是可以理解的
，毕竟目前海外进展就是AK112最快
，我们首先可以看一下AK112今年最关键的几个节点或者说数据
，当然这一点我已经讲了无数次了
，但是年报交流会也是有进一步确定的一些信息
，今天就再说一次
，首先第一个关键的节点肯定是h6数据的读出
，基本上决定了康方生物AK112估值中能否战胜k药的第一个大适应症
。第二则是今年将会在上半年读出h3的中期的PFS分析
，以及在下半年读出h3的最终PFS分析和中期os分析
，这个将有助于康方生物 AK112海外第一个大适应症的快速上市
。第三则是胆道癌数据的读出
，虽然说胆道癌并非一个很大的癌种
，但是如果能在对头中去做阳性
，也是一个非常有意义的结果
。最后则是海外康方生物二线的适应症能否上市
，这个适应症能否上市
，其实在商业化上或者说本身的价值并没有大
，但是一旦它能够上市
，将使康方生物为海外在肺癌的布局提前加速
，有助于未来的商业化
。其次则是来看一下AK112的开发计划
，在交流会上也是提到了
，未来AK112还将继续进行多个三期临床
，在国内这次主要提到了一个ccrt后的非小细胞肺癌的治疗
，以及一个围手术治疗
。这两个适应症实际上都并不小
，除此之外大家比较关注的就是海外康方生物AK112的合作方smmt他们要开展哪些临床
，关于这一点实际上夏总也提了几句
，虽然说这些信息更应该由杜根来亲自来说
，但是我相信夏总也不会说出来一些没有根据的话
，首先第一个关键信息
，国内开的三期
，海外没有理由不开
，这样海外可以开的三期就很多了
。其次也是进一步提到了
，至少有四五个已经和FDA沟通完毕
，或者说还在沟通当中的三期临床
，我们就拭目以待
，因为海外合作方smmt开发的风格也和康方生物国内一样
，只要在网站上完成登记
，基本上就代表了患者即将入组
，或者说已经入组
，所以说我们只需要期待即可
，只要再等待一段时间
，我们就能看到更多的海外临床
，至于说海外的竞争格局
，我相信杜根不傻
，一定能够做好自己的操作的
，我们只需要等待即可
。
第二则是康方生物AK104这一管线的一系列进展和节点
。我之前就提到过很多次
，实际上对于康方生物AK104这一管线我是非常的期待的
。在这次交流会上也是得到了一些增量信息
，首先我最关注的肯定是海外的头对头o药的这样一个胃癌的注册的三期临床我们可以看到在这次交流会当中
，夏总给出了一个很关键的增量信息
，那就是104在PD-L1阴性组104将以化疗作为对照
，而在阳性组则将以o药作为对照
，这里实际上就解答了一个我之前的迷惑或者说是疑问
，就是在低表达这个区域究竟是使用o药作为对照
，还是化疗作为对照
，目前看应该是使用o药作为对照
。第二则是海外肝癌的一系列进展
。比较高兴的一点是海外的大PI实际上是积极的与康方生物达成了共识
，来推动这个肝癌的临床的进展
。这一点很关键
，说明康方生物AK104在海外受到了足够的关注和认可
。同时由于这是一个二期注册临床在将来大概率是需要一个三期临床来进一步完成上市注册的补充的内容的
。我们也可以期待一下康方生物在肝癌的一系列的临床
。最后则是国内的一个与单抗头对头的一个PD-L1阴性的非小细胞肺癌的对头临床
。这一临床的数据我相信在不久的将来也可以看到
，由于非小细胞肺癌市场的巨大
，我认为这一数据的读出将可以大幅提高康方生物AK104的价值
。同时夏总也提到了
，康方生物也是会坚持多条轨道并行
，一方面对合作持开放态度
，另一方面也并不担心自身的海外的临床和商业化能力
，这也是非常正确的
。对于104的开发
，我期待更多海外的三期临床
，我相信不久将来我们也可以看到的
。
第三则是康方生物AK117的开发
。关于117的开发
，正如这次交流会中所提到的
，目前主要是围绕在于自身双抗药物的联合用药上
，这次夏总也特意提到了
，对AK112加AK117在胰腺癌中的临床数据有很足的信心
，也是十分让人期待
。同时117在血液流上应该也是取得了不错的数据
，目前公司正在考虑开展国内或是海外的三期临床
，就让我们拭目以待
。
再之后则是两款adc
，两款adc现在已经有了早期爬坡数据
，从早期爬坡数据来看
，这两款adc的安全性至少是得到了保障的
。虽然说我们认为adc药物需要结合安全性和有效性一起来看
，但是至少目前来说
，康方生物在adc的安全性上确实是取得了一定的进展
，最重要的还是两者联用康方生物现有管线的一些数据
，目前也是开启了多个二期临床
。在不久的将来
，相信我们就可以看到更多的三期临床和二期数据的读出了
，也是十分期待
。
此外这次还花了大量的时间在交流会上介绍了一下康方生物AK139
，AK139是康方生物目前在肿瘤领域外布局的最重要的管线之一
。正如在这次交流会中所介绍的
，我也认为139有着不错的想象力
，其靶点的选择确实有可能在目前尚未被满足的临床需求中取得突破
，如非二型过敏性疾病
，目前也已经开启了多个二期临床
。我相信在不久的将来
，我们就可以看到其二期临床数据
，目前我个人还是非常期待的
，就让我们拭目以待
，希望能够成功
。
最后本次交流会康方生物还介绍了一系列十分早期的管线
，这部分管线大部分还在临床前或者刚刚IND进入临床当中
，我将这些管线放在一起简单聊聊
，如果大家对其中的某些管线十分感兴趣
，之后我也可以着重聊一下其中某些管线
，这里面主要包括了几个平台以及其可能产生的一系列药物
。首先我们来看一下小核酸平台
，关于小核酸平台
，康方生物已经明确表示出了对其重视
，由我个人的经验和与他人的交流来看
，小核酸药物的成药率还是较高的
，因此这一领域一直以来也是我十分看好的一个领域
。同时看到康方生物的开发计划也是将小核酸布局到了各个领域当中
，如CNS领域等
，我认为这些领域使用小核酸治疗也是具有相当大的潜力
。此外这次还着重介绍了一下治疗阿尔兹海默的152这一管线
，这一管线确实是具有十分重大的市场潜力
，同时海外已经有了礼来罗氏等企业进行布局
，因此我们首先要做的就是关注海外礼来和罗氏的数据
，如果礼来和罗氏数据取得不错的结果
，我相信康方生物这一管线也会取得非常不错的结果
。同时这次还介绍了一下135这一管线
，关于135这一管线目前来看
，由于其靶点的特殊性和临床数据较少
，虽然说我个人也认为这一管线一旦成功
，可能具有很大潜力
，但是目前来看确实也只能说是继续观察
，继续期待进展
。此外这次还提了一下三抗和TCE平台
，可以确定的是目前的三抗和TCE还是一种对于康方生物现有管线的补充
。对于这两个平台
，我认为对康方生物来说难度不大
，主要还是对自身管线矩阵的一种补充
。关于TCE可能还是做一些实体瘤的比较多
，这样看来可能还是要与现有的药物进行联合用药
，这两部分我认为保持观察
，保持期待即可
。
这次交流会的信息量非常巨大
，时长也确实是很长
，这次花费了大量的笔墨来介绍一些非常早期的布局和管线
，虽然说这些早期的布局和管线不会马上体现在估值当中
，但是确实也体现了康方生物的创新能力
，尤其是部分适应症和靶点实际上是非常难做的
。我个人也是非常期待康方生物能够取得成功
，能够有更多的进展
。这次也是记录一下我个人的一些关注的重点以及一些想法
，希望也可以能和大家多多交流学习一下
。风险提示
：本文所提到的观点仅代表个人的意见
，所涉及标的不作推荐
，据此买卖
，风险自负
。谢谢大家了。$康方生物(09926)$#雪球星计划#@雪球创作者中心"
376525774,2026-02-21 00:01,479,490,20,1/3,https://xueqiu.com/2693678800/376525774,这次回老家，我没怎么休息，和朋友家人聊了很多产业相关的内容，也让我思考了很多。我的家人和朋友的工作从中药到西药，从行业内到监管，从大学到企业，我们都聊了非常多，有一些让人惋惜的机会，也有些对未来的期待。 不管怎么说，总结下来看，过去的十年我们都认为是创新药发展中最黄金最反转的...,"感白驹过隙
，十年如昨日
；盼骐骥不舍
，廿载看明朝
：聊聊创新药黄金十年后的下一个十年
来自TfR1lyxxx快乐鼠鼠的雪球专栏
来源
：雪球App
，作者
： TfR1lyxxx快乐鼠鼠
，
（https://xueqiu.com/2693678800/376525774
）
这次回老家
，我没怎么休息
，和朋友家人聊了很多产业相关的内容
，也让我思考了很多
。我的家人和朋友的工作从中药到西药
，从行业内到监管
，从大学到企业
，我们都聊了非常多
，有一些让人惋惜的机会
，也有些对未来的期待
。不管怎么说
，总结下来看
，过去的十年我们都认为是创新药发展中最黄金最反转的十年
，也可以说是最重要的十年
，对中国创新药的影响是历史性的
，这一点基本是无可争议的
。但是也让我思考
，在黄金10年后
，下一个10年我们又将迎来怎样的变化
？虽然想了很久
，但对于这种宏大的问题
，也只能算是有一点自己的想法
，以此文记录下自己的想法
，和大家分享讨论一下
。
在之前文章里
，我其实提到过
，具体是
“风起于青苹之末—从 Biotech 和 Pharma 之别看中国 Biotech 突围之道
“
，网页链接，百济神州成立于 2010 年
，信达生物成立于 2011 年
，康方生物成立于 2012 年
，亚盛医药成立于 2009 年
。过去一般认为
，创新药研发有需要十年成药的行业规律
，如今这批 Biotech 企业恰好走过十余年发展历程
。叠加 2015 年以来国内医药创新政策密集出台
、2020 年行业事件驱动
，再叠加近年全产业链的逐步完善
，国内 Biotech 在过去十年迎来了一段极佳的发展窗口期
，也成功研发出一批具备 Best-in-class
、First-in-class 潜力的创新药物
。当然
，随着近年来
，中国速度和AI的快速的发展
，我认为
，未来的药物的开发周期
，将会大大缩短
，可能会缩短到5-8年
。
我们也看了过去黄金10年的一个成因
。那么我的一些家人朋友
，包括我在网上也看到
，就有这么一种观点
，就认为过去的黄金10年是一种不可复制的
，不可持续的一种政策和一种泡沫所带来的融资所引起的
。而这种机会在未来是不可持续的
。认为我们的创新药或者说是 biotech企业
，在未来是无法再获得这样发展的机会的
。
这种观点我们不可否认上一轮的融资和市场政策确实帮助了很多创新药
，或者说Biotech企业如康方生物等走出了上一波
，但是在我看来
，下一个10年也一定会和上一个10年不一样
，不一样的地方主要在于以下几点
。
首先第一点就是自我造血能力
，经过过去10年的发展
，我们的创新药企业的自我造血能力都迎来了大幅度提升
，一部分企业如百济神州
，信达生物等已经实现了盈亏平衡开始盈利
，另一部分企业如康方生物等也已接近盈亏平衡线
。同时一部分仿制药转创新药企业
，如石药等
，也已迎来业绩拐点
，接下来业绩也将进行反转
。这些都标志着我国创新药企业的自我造血能力的大幅度提升
，其已不再像过去那样依赖融资
，而是更多依靠自我造血
，实现可持续的后续发展
。
其次则是出海
，在过去的十年里
，我们打造出了像百济神州这样的可以一定程度上实现自主出海的创新药企业
，同时有少部分企业实现了 co-development交易
，此外我们也收获了大量的license out模式的BD交易如康方生物等
。我认为在未来的十年
，中国创新药在海外的话语权一定会提高
，无论是更多的自主出海
，还是更多的co-development模式的交易都是一定会实现的
。至于说new-co的模式则比较特殊
，需要具体问题具体分析
。
第三则是更多的本土企业间的并购和BD交易
。正如前两点所提到的
，如今老一代的企业已经拥有了足够的自我造血能力和出海能力
。那么在这种情况下
，新一代创新药企业就可以通过 BD或者是被并购的模式
，让老创新药企业来反哺行业的发展
，从而实现对新药价值的快速放大
。
第四则是开发的适应症和技术领域
。在过去的十年中
，由于各种原因
，我国创新药所开发的适应症和技术主要为肿瘤领域的部分靶点和技术
，比如PD-1以及ADC药物
，这种情况就导致了很多创新药企并没有自己独特的创新性
，而是完全同质化的内卷
。而在未来的十年
，我认为更多的机会集中在一些更加的创新的领域上
，比如CNS领域以及小核酸领域
，也包括CGT领域
，尤其是在现在的818号令政策支持下
，还有蛋白降解药物
，如PROTAC或者是分子胶等
。其实上一代药企也已经在上述领域开始布局
，如百济神州开始大量布局蛋白降解药物
，康方生物布局CNS领域
，石药布局小核酸等
，大量的中国创新药企
，也已开始布局新技术新领域
第五则是政策上的支持
。我认为在未来的十年
，不管是医保还是药监药检部门还是卫健委
，都会继续大力支持创新药的发展
。或许有的人会觉得这种支持的幅度的变化相比于之前更小了
。这是因为之前可能是1-10的变化
，而现在是10-30或者50的变化
，从幅度上看或许会减小一些
，但是从总量上去看
，实际上现在给的支持是更大的
。
说了这么多
，也只是记录一下自己的想法
，不一定对也不一定错
，只是单纯的和大家分享讨论一下
，最后也是祝大家马年一切顺利
，开心每一天
，健康每一天
。至于投资没有生活重要
。风险提示
：本文所提到的观点仅代表个人的意见
，所涉及标的不作推荐
，据此买卖
，风险自负
。谢谢大家了
。$康方生物(09926)$#雪球星计划#@雪球创作者中心#2026年春节见闻#@今日话题"
368923591,2026-01-04 18:16,442,342,13,1/3,https://xueqiu.com/2693678800/368923591,答应大家写个总结和展望，现在写来了，过去的一年，说实话，对于创新药来说，是一段难得的大贝塔行情，可遇而不可求，投资收益普遍还行，而且在大贝塔行情下，资金面甚至比基本面更重要，情绪会被放大，预期会被提升，预期会过早的被计入，实际上难说是好是坏，肯定有人因此大赚，但也肯定有人因此...,"日月忽其不淹兮
，春与秋其代序
：总结2025年
，展望2026年
来自TfR1lyxxx快乐鼠鼠的雪球专栏
来源
：雪球App
，作者
： TfR1lyxxx快乐鼠鼠
，
（https://xueqiu.com/2693678800/368923591
）
答应大家写个总结和展望
，现在写来了
，过去的一年
，说实话
，对于创新药来说
，是一段难得的大贝塔行情
，可遇而不可求
，投资收益普遍还行
，而且在大贝塔行情下
，资金面甚至比基本面更重要
，情绪会被放大
，预期会被提升
，预期会过早的被计入
，实际上难说是好是坏
，肯定有人因此大赚
，但也肯定有人因此亏钱
，情绪历来如此
，从不会例外
。
去年看好的那几个
，康方生物
，亚盛医药
，歌礼制药
，加科思
，这几个高点也挺高
，回撤的也不小
，就像是我上面说的
，都正常
，价值都会回归
，情绪的
，就让情绪波动去吧
。
重点还是聊聊26年的康方生物
，康方生物的26年太关键
，有太多关键的节点了
，首先是AK112的数据
，必出的H-6和胆道癌OS数据
，大概率出的有H-2 OS数据
，还有H-3的PFS和OS的数据
，可能超预期出的有头颈和结直肠的数据
，当让也希望海外能多开几个临床
，也包括和RAS的联用
，能早日的推进
。
之后是康方生物AK104的节点
，首先是希望康方生物能多开点海外的临床
，因为只有这样才能走出去
，之后则是一些数据节点
，首先是国内的PD-L1阴性的肺癌
，这个26年大概率有数据
，之后我关心的则是AK112和AK104联用的数据
，但是未必会发出来
，只能说期待吧
。
再之后
，就是康方生物的AK117了
，对于AK117来说
，实体瘤
，头颈比较快
，我也比较乐观
，胰腺癌比较难
，但是对AK117来说
，血液瘤才是最重要
，期待第一个大三期
，希望是全球的
，不管是MDS还是AML吧
，都可以
。
再往后
，大部分较早期
，可以看着玩
，不会有估值
，也没必要估值
，估值的预期太高未必是好事
，反而可能成为拖累
。
日月忽其不淹兮
，春与秋其代序
，一年的时间不短了
，但是在创新药周期中
，真的是很短了
，周期中
，一个三期的临床至少要三五年时间
，这就注定了
，很大一部分人
，会在周期中被甩掉被淘汰
，只有一部分人能够有所收获
，写这些也是共勉吧
，希望能和大家一起有所收获
。不管怎样吧
，在这里是祝大家2026年
，一切都顺利
，过好每一天
，生活大于投资
。风险提示
：本文所提到的观点仅代表个人的意见
，所涉及标的不作推荐
，据此买卖
，风险自负
。谢谢大家了
。@雪球创作者中心#2025投资总结#@今日话题#雪球星计划#$康方生物(09926)$"
364551024,2025-12-04 18:16,372,206,11,1/3,https://xueqiu.com/2693678800/364551024,最近都还是比较忙，没有时间聊的太细，最近老杜讲了不少，就简单聊聊吧，最近花旗和EVERCORE这两个会议主要是聊聊老杜的开发的思路。对于这两个会议上聊到的的开发思路，其实我个人很满意，因为他的很多思路，和我所想的简直是一模一样的，比如说，康方生物在国内开了胰腺癌，但是他没开，其...,"知君志不小
，一举凌鸿鹄
：浅聊SMMT在花旗和EVERCORE会议发言
来自TfR1lyxxx快乐鼠鼠的雪球专栏
来源
：雪球App
，作者
： TfR1lyxxx快乐鼠鼠
，
（https://xueqiu.com/2693678800/364551024
）
最近都还是比较忙
，没有时间聊的太细
，最近老杜讲了不少
，就简单聊聊吧
，最近花旗和EVERCORE这两个会议主要是聊聊老杜的开发的思路
。
对于这两个会议上聊到的的开发思路
，其实我个人很满意
，因为他的很多思路
，和我所想的简直是一模一样的
，比如说
，康方生物在国内开了胰腺癌
，但是他没开
，其实就是因为RAS太强了
，不如等联用了
。也包括TNBC上
，这个可能等ADC再说了
，先等ADC做出来最好的
，或者直接等康方生物的
。至于是对是错
，至少我很满意
，我自己肯定是觉得很好的
。
再看看未来的开发计划吧
，目前看
，不做胰腺癌和TNBC的话
，主要就头颈
，肺和结直肠耐药和围手术
，胆道
，或者是肾癌
，这几个都不错
，市场都不算小
，虽然SMMT想保密
，但是大概率就是这几个
。
实际上
，和很多人印象不同
，其实SMMT已经做了很多
，主要是部分在中国肿瘤的发病率相对较低的肿瘤的IIT探索
，和康方生物形成了互补
，这部分海外的市场也很大
。也包括和rev的合作
，我认为RAS本身也是基石
，最适合112联用了
，其实比ADC关键的多得多
，很期待明年的临床
。
至于很多人关心的
，再BD或者说引入MNC也聊了
，何时是合作的最佳时机
？目前SMMT认为
，当他们的研究得到广泛认可
，有足够的书面数据支持
，且遵循这些数据治疗即使失败也不会被追责时
（他们可以说 
“这是文件中明确记载的方案
”
）
，合作的时机就成熟了
，这一切将在未来 12 个月内实现
。届时
，他们会评估市场热情和合作报价
。但SMMT不会选择传统的合作模式
，因为合作意味着放弃控制权
，而控制权等同于收益
。就像你把控制权交给别人
，无异于在拉斯维加斯看别人掷骰子碰运气
。因此
，他们不会轻易放弃控制权
，如果要合作
，他们会选择能让我们保留所有权和控制权的合作伙伴
，SMMT更倾向于获得股权而非现金
。基本在我的预期内
，只需耐心等待
。
最近都还是挺忙的
，只能是简单写了点
，类似于读后感观后感
，有时间多写点
，再和大家交流
。风险提示
：本文所提到的观点仅代表个人的意见
，所涉及标的不作推荐
，据此买卖
，风险自负
。谢谢大家了
。@雪球创作者中心#雪球星计划#$康方生物(09926)$$Summit Therapeutics(SMMT)$"
357942125,2025-10-23 18:58,475,442,11,1/3,https://xueqiu.com/2693678800/357942125,其实早就该写，但是最近太忙了些，忙着出差去各地考察合作的企业，拖到现在才写，那就废话少说，直接进入正题。 先看HARMONi-6（简称H6）的数据，参考下官方的话吧，试验组依沃西联合化疗一线治疗sq-NSCLC的mPFS长达11.14个月，对照组替雷利珠单抗联合化疗的mPFS为6.90个月，PFS HR=0.60，P＜...,"一浑乾坤万象收
，唯应不壅大江流
：简析康方生物HARMONi-6数据等进展
来自TfR1lyxxx快乐鼠鼠的雪球专栏
来源
：雪球App
，作者
： TfR1lyxxx快乐鼠鼠
，
（https://xueqiu.com/2693678800/357942125
）
其实早就该写
，但是最近太忙了些
，忙着出差去各地考察合作的企业
，拖到现在才写
，那就废话少说
，直接进入正题
。
先看HARMONi-6
（简称H6
）的数据
，参考下官方的话吧
，试验组依沃西联合化疗一线治疗sq-NSCLC的mPFS长达11.14个月
，对照组替雷利珠单抗联合化疗的mPFS为6.90个月
，PFS HR=0.60
，P＜0.0001
，组间PFS绝对值改善△PFS=4.24个月
，无论PD-L1表达水平
（PD-L1阴性或阳性
）
，依沃西联合化疗相较替雷利珠联合化疗显著获益
，在PD-L1阴性
（TPS＜1%
）人群中
，试验组依沃西联合化疗与对照组替雷利珠单抗联合化疗的组间PFS HR=0.55
，在PD-L1 阳性
（TPS≥1%
）人群中
，试验组依沃西联合化疗与对照组替雷利珠单抗联合化疗的组间PFS HR=0.66
，无论是否伴肝转移
、无论基线转移部位数量
，依沃西联合化疗较替雷利珠联合化疗均显著获益
，在肝转移人群中的组间PFS HR=0.53
；在无肝转移人群中的组间PFS HR=0.64
，在基线转移部位数量≥3人群的组间PFS HR=0.46
；在基线转移部位数量＜3人群的组间PFS HR=0.64
，依沃西组总体安全性良好
，未发现新的安全性信号
。与治疗相关的严重不良事件发生率
、免疫相关不良事件发生率
，3级及以上出血事件发生率与替雷利珠单抗方案组相似
。
具体看一下吧
，首先看一下数据的有效性
，首先是基线
，基线上两组间基线均衡
，92.3%受试者的临床分期为Ⅳ期
（比例高于Rationale 307中的65%左右
）
，且符合真实世界分布
（尤其是之前康血管的禁忌中央型
）
，所以mPFS略低于Rationale 307中的7.7个月也是合理的
，值得信赖的
。
其次再看下有效性
，首先我个人对这个HR很满意
，为什么这么说
？首先要明确一点
，对于一线的NSCLC适应症
，一般PD1+化疗的PFS是很强的
，其HR都是要好于对应的OS的HR的
，举几个例子吧
，先看看Rationale-307替雷的鳞癌
，替雷+PC组的中位PFS为7.7个月
（风险比HR=0.45
；95%置信区间CI 0.33-0.62
）
，替雷+nPC组的中位PFS为9.5个月
（HR=0.45
；95%CI 0.33-0.62
）
。在OS方面
，替雷+PC组与PC组的中位OS分别为26.1个月和19.4个月
（HR=0.67
；95%CI 0.49-0.92
）
，而替雷+nPC组与PC组的中位OS分别为23.3个月和19.4个月
（HR=0.82
；95%CI 0.60-1.11
）
，同样的
，在KEYNOTE-407中
，首先K+化和化疗PFS分别为8.0 vs 5.1个月(HR=0.57, 95% CI, 0.47‒0.69)
，而K+化和化疗OS分别为17.1 vs 11.6个月(HR=0.71, 95% CI, 0.58‒0.88)
，可以很清晰的看出
，在PD1+化疗中
，与PD-1单药治疗不同
，其PFS的表现要强于OS的表现
，一定程度上112+化疗是在PD1+化疗的强项击败了对手
，我对后续数据很有信心
。
图片来源
：Chen Z, Yang F, Jiang Z, et al. Ivonescimab plus chemotherapy versus tislelizumab plus chemotherapy as first-line treatment for advanced squamous non-small-cell lung cancer (HARMONi-6): a randomised, double-blind, phase 3 trial. Lancet. Published online October 19, 2025. doi:10.1016/S0140-6736(25)01848-3
接着是一些近期的事件了
，首先是新临床
，最近Summit Therapeutics
（
“Summit
”
）宣布拓展依沃西全球临床开发计划
，包括启动一项依沃西联合化疗对比贝伐珠单抗联合化疗一线治疗不可切除转移性结直肠癌的国际多中心III期临床研究
（HARMONi-GI3
）
，HARMONi-GI3研究计划于本季度率先在美国临床试验中心启动
，这项全球多中心III期研究拟入组约 600 名患者
，其主要研究终点为无进展生存期
（PFS
）
。这是我心目中最重要的临床之一
，市场和一线NSCLC相当
，竞争格局要好很多
，胜率也是极高
，毕竟是做了海外大二期才开的
，是我最期待的
，除此之外呢
，杜根还宣布
，未来马上会开一系列大三期
，那就拭目以待
。
之后呢
，则是HARMONi-3的修订和扩组
，修改后Summit 已对HARMONi-3试验方案进行修订
，将按组织学类型对主要终点进行独立的统计学分析
。因此
，研究将分别开展针对鳞状非小细胞肺癌患者和非鳞状非小细胞肺癌患者的疗效评估
，比较依沃西联合化疗与帕博利珠单抗联合化疗的治疗效果
。因此Summit预计将于2026年上半年完成HARMONi-3研究中鳞状队列的患者入组
，并预计在2026年下半年达到该队列无进展生存期
（PFS
）主要终点分析的预设事件数
。总生存期期中分析时间也预期在 2026 年下半年前后进行
。而Summit目前预计将于2026年下半年完成患者入组
，并预计在2027年上半年达到该队列PFS主要终点分析的预设事件数
。总生存期的期中分析将在达到预设事件数后启动
。同时为充分保障本研究两个队列主要终点的统计检验效能
，HARMONi-3研究计划入组 600 例sq-NSCLC患者与 1000 例nsq-NSCLC患者
。我个人很高兴可以这样修改
，这样一来明年就能有头对头的海外数据
，加速了112大适应症的上市
，我觉得是一个不错的选择
。
再之后
，就是老杜的融资了
，老杜融了五个亿
，自己和高管出了一大半
，首先这就证明了我早就说过的
，老杜不差钱smmt也不缺钱
，不会影响临床速度
。其次
，这也证明了管理层的信心
，这个钱是真金白银投入
，以老杜的比例
，也不太可能靠炒作来脱身
，只能是真的有信心
。同时
，还有一点需要注意
，其实现在的SMMT的现金流
，足够做完现在的临床
，而继续融资
，显然是为了开更多
，更加速推进112的开发
，值得期待了
。
至于还有些其他的
，比如说HARMONi的BLA之类的
，其实没有那么重要
，再等等
，出了结果再看
。时间比较匆忙
，就先写这么多
。本文仅作学术交流分享
，不构成投资建议
。本文部分内容出自
：Chen Z, Yang F, Jiang Z, et al. Ivonescimab plus chemotherapy versus tislelizumab plus chemotherapy as first-line treatment for advanced squamous non-small-cell lung cancer (HARMONi-6): a randomised, double-blind, phase 3 trial. Lancet. Published online October 19, 2025. doi:10.1016/S0140-6736(25)01848-3
，如有侵权请联系删除
。风险提示
：本文所提到的观点仅代表个人的意见
，所涉及标的不作推荐
，据此买卖
，风险自负
。谢谢大家了
。@雪球创作者中心#雪球星计划#$康方生物(09926)$"
351408266,2025-09-07 21:58,484,751,27,1/3,https://xueqiu.com/2693678800/351408266,比较忙，简单聊几句康方生物，先看数据吧，直接引用下康方生物公众号HARMONi研究OS进一步改善，HR=0.78（P=0.0332），生存获益较此前5月分析结果呈明显改善趋势，北美人群的OS HR=0.70，2025年5月分析时：依沃西组和对照组mOS分别为16.8个月和14个月，HR=0.79（95% CI: 0.62 – 1.01)，p=0.057。在...,"山高不碍白云飞
，竹密不妨流水过
：简析HARMONi数据更新
来自TfR1lyxxx快乐鼠鼠的雪球专栏
来源
：雪球App
，作者
： TfR1lyxxx快乐鼠鼠
，
（https://xueqiu.com/2693678800/351408266
）
比较忙
，简单聊几句康方生物
，先看数据吧
，直接引用下康方生物公众号HARMONi研究OS进一步改善
，HR=0.78
（P=0.0332
）
，生存获益较此前5月分析结果呈明显改善趋势
，北美人群的OS HR=0.70
，2025年5月分析时
：依沃西组和对照组mOS分别为16.8个月和14个月
，HR=0.79
（95% CI: 0.62 – 1.01)
，p=0.057
。在2025年5月的无进展生存期(PFS)主要分析中
，HARMONi研究达到PFS研究终点
，PFS达到临床获益和统计学获益双重显著性
，PFS HR=0.52
，依沃西组较对照组降低患者48%的疾病进展或死亡风险
，P<0.00001
。
先说结论吧
，数据很好了
，非常好
。第一点
，明显能看到OS的HR在下降
，也就是所谓的拖尾
，也就是说未来数据可能更好
，值得期待了
。第二点
，海外数据与国内基本是一致的
，具体北美的OS HR是0.7好于国内的
，这个大概率是因为美国后线干扰较小
，不过有人或许会觉得欧洲的数据不好
，其实大可不必这么担心
，首先欧洲的后线干扰大一些也正常
，其次随着成熟度升高
，之后HR还会下降的的
，具体看曲线吧
，北美是0.7是因为现在到了15个月了
，分离度较高
，但欧洲时间较短了
，才12个月
，刚开始分开
，后续HR大概率继续下降
，拭目以待吧
。
图片来源
：2025年WCLC会议
稍微对比一下一些类似临床的一些数据吧
，首先是K药的keynote789吧
。我们可以看到一线使用奥希替尼
，此时K药的PFS的HR是0.63了
，而二线使用奥希替尼
，此时K药PFS的HR则为1.01了
。而不管几线使用奥希替尼
，其OS的HR都仅为0.91而已
。至于ORIENT-31呢
，去年ASCO就有大量比较
，三代TKI耐药后效果很差了
。那么112好不好
，大家自行判断
。
对于康方生物的股价我不做预测
，但是康方生物的基本面确实是更稳定了一些
，不过肯定永远有人不满意的
，再等等杜根的会议吧
，不管是二次BD还是BLA的话
，都还得听他的
。本文仅作学术交流分享
，不构成投资建议
。部分内容出自WCLC会议
，如有侵权请联系删除
。风险提示
：本文所提到的观点仅代表个人的意见
，所涉及标的不作推荐
，据此买卖
，风险自负
。谢谢大家了
。@雪球创作者中心#雪球星计划#$康方生物(09926)$"
348563990,2025-08-23 01:58,620,497,35,1/3,https://xueqiu.com/2693678800/348563990,"一些朋友问我， 康方生物AK112的机制，是否有可行性，康方生物AK112在已经确定是更好的抗血管药物（安全性太明显）的前提下，是否也是更好的免疫治疗药物。 正好，最近有一篇名为 Linking tumour angiogenesis and tumour immunity（ Kabir AU, Subramanian M, Kwon Y, Choi K. Nat Rev Immunol. P...","高山克荒
，大川利涉
：从血管正常化的重要性聊聊康方生物AK112在免疫治疗的优势
（万字长文
）
来自TfR1lyxxx快乐鼠鼠的雪球专栏
来源
：雪球App
，作者
： TfR1lyxxx快乐鼠鼠
，
（https://xueqiu.com/2693678800/348563990
）
一些朋友问我
，康方生物AK112的机制
，是否有可行性
，康方生物AK112在已经确定是更好的抗血管药物
（安全性太明显
）的前提下
，是否也是更好的免疫治疗药物
。正好
，最近有一篇名为Linking tumour angiogenesis and tumour immunity
（Kabir AU, Subramanian M, Kwon Y, Choi K. Nat Rev Immunol. Published online August 14, 2025. doi:10.1038/s41577-025-01211-z）的综述
，我觉得写得很好了
，如果有能力
，我推荐看原文
，一定会有所收获的
，我在这里结合自己的想法和观点适当的删增
，分享给大家
，和大家交流一下讨论下
。必须承认的是
，文章肯定是有难度的
，我也会尽量标出重点总结结论
，希望可以和大家多多交流多多讨论
，也希望我们都能有所收获
，实在看不懂直接看最后的结论也是可以的
，结论应该可以看懂
。
免疫检查点阻断疗法
（Immune checkpoint blockade
）彻底改变了转移性和实体瘤的治疗
，在一部分的患者中实现了持久的反应
。然而
，大多数患者对免疫检查点阻断没有反应
，这突出表明迫切需要更好地理解治疗效力的决定因素
。有效抗肿瘤免疫反应的一个关键障碍是肿瘤相关血管的异常结构和功能
，这阻碍了免疫细胞浸润并有助于免疫抑制性肿瘤微环境的发展
。当前的研究发现了肿瘤微环境内血管生成与免疫活性之间的负相关
。
首先
，肿瘤细胞固有的异质性是导致癌症患者治疗抵抗的一个主要因素
，与在患者和肿瘤类型之间差异很大的遗传不稳定和异质性的癌细胞相比
，肿瘤微环境
（tumour microenvironment, TME
）的许多特征在不同癌症中相对稳定且保守
。肿瘤微环境的这些稳定特征使其成为治疗干预的一个有吸引力的靶点
，特别是考虑到其在促进免疫逃逸和对各种治疗
（包括免疫疗法和抗血管生成药物
）抵抗中的关键作用
。因此
，针对 TME 的策略可能对多种肿瘤类型广泛有效
。
那么
，肿瘤微环境TME 作为一个复杂的细胞龛
，控制着肿瘤的生长和转移
。它包含各种免疫细胞
、基质细胞
（如内皮细胞和成纤维细胞
）以及细胞外基质成分
。近期的临床前证据强调了肿瘤内血管功能障碍的关键影响
。肿瘤血管本质上是迂曲和渗漏的
，面临着不断扩大的肿瘤块带来的日益增加的机械压力
，导致不连续的血管系统和可变的灌注
。这种血管异常阻碍了治疗药物的递送
。此外
，增殖的肿瘤细胞消耗氧气
，加上它们产生的代谢废物和氧气输送不佳
，创造了一个酸性和缺氧的微环境
，加剧了血管功能障碍
。肿瘤血管系统的高通透性和不成熟特性限制了细胞毒性 T 细胞的有效浸润及其对肿瘤细胞的靶向作用
。低灌注相关的糖酵解适应进一步促成了一个损害 T 细胞效应功能的酸性环境
。而且
，肿瘤内皮细胞可以表达死亡信号
，如 FAS 配体
（FAS ligand , FASL
）
，诱导细胞毒性 T 细胞凋亡
。新兴的研究强调了肿瘤血管生成与浸润免疫细胞之间的相互反馈回路
。抑制肿瘤血管生成可增强肿瘤免疫
，而肿瘤免疫反过来又促进血管正常化
。相反
，免疫抑制细胞刺激血管生成
，这进一步增强其他免疫抑制细胞的招募
，维持肿瘤生长和转移
。
肿瘤血管的特征
血管生成开关 (The angiogenic switch)
血管生成是一个涉及多种细胞类型
、细胞外基质成分和一系列促血管生成因子的复杂过程
。它可以分为不同的阶段
：(1) 蛋白酶降解现有血管的基底膜
，(2) 内皮细胞活化与迁移
，(3) 这些内皮细胞的一个亚群的增殖
，以及 (4) 形成与现有血管网络相连的管腔和管状结构
。在成人中
，血管生成受到促血管生成和抗血管生成因子之间平衡的严格调控
，通常发生在女性生殖周期
、组织再生和伤口愈合期间
。
在早期的微观肿瘤集落中
，营养物质和废物的交换主要通过简单扩散进行
。然而
，当肿瘤块生长到大约 2–3 mm 大小时
，仅靠扩散变得不足以满足增加的代谢需求
。为了应对肿瘤核心的缺氧
，缺氧诱导因子
（HIF
）诱导血管内皮生长因子
（VEGF
）的表达
，刺激附近血管网络形成毛细血管芽
，确保持续的营养和氧气供应
，同时能够从不断扩大的肿瘤中清除代谢废物和二氧化碳
。这一关键转变被称为
“血管生成开关
”
。没有这个开关
，肿瘤集落面临坏死或凋亡的风险
，并可能无限期保持休眠状态
。
与生理性血管生成
（其中血管形成受到严格调控并导致功能成熟
）不同
，肿瘤细胞和 TME 内的免疫抑制细胞持续产生促血管生成因子
，驱动持续的血管生成刺激
。过度和持续的血管生成刺激导致异常血管形成
，其特征是不成熟
、扩张和结构缺陷的血管
，通常缺乏适当的周细胞覆盖
，最终导致功能失调的血管
。这些异常的
、无功能的血管无法有效输送氧气和营养物质
，创造了一个缺氧和免疫抑制的 TME
，这进一步促进了肿瘤进展和治疗抵抗
。它们增加的通透性通过促进肿瘤细胞进入循环进一步促进转移
。在继发部位
，微转移灶与原发
。在 20世纪70年代初期
，Judah Folkman开创了肿瘤血管生成对于实体瘤生长至关重要的概念
，并提出抑制血管生成作为一种潜在的治疗方法
。从那时起
，许多血管生成调节因子被识别出来
，抗血管生成治疗已成为一种重要的癌症治疗策略
。尽管有前景
，但抑制血管生长常常导致显著的副作用
，并且仅针对血管生成已被证明不足以完全消除肿瘤生长
。这部分是由于治疗药物的功能欠佳以及错误判断了抗血管生成药物可能最有效的治疗背景
，也因此给康方生物AK112留下了空间
。当芽生血管生成被阻断时
，肿瘤也可以通过激活代偿途径来适应
，导致替代形式的血管生成
。这些替代方式包括血管套叠
（预先存在的血管腔分裂形成新的分支
）
、血管共择
（肿瘤细胞沿着预先存在的血管排列
）和血管拟态
（肿瘤细胞模仿内皮细胞形成促进血流的管状结构
）
。
肿瘤血管生成因子以外的血管生成调节因子 (Angiogenic regulators beyond tumour angiogenesis)
促血管生成调节因子包括一系列刺激血管形成以支持组织生长和存活的生长因子
、酶和信号分子
。关键的促血管生成因子包括 VEGF
、成纤维细胞生长因子 2
（FGF2
，也称为碱性成纤维细胞生长因子
（bFGF
）
）
、血小板衍生生长因子
（PDGF
）
、转化生长因子-α
（TGFα
）和 TGFβ
、表皮生长因子
（EGF
）
、肝细胞生长因子
（HGF
）
、胎盘生长因子
（PIGF
）
、基质金属蛋白酶
（MMPs
）
、组胺
、1-磷酸鞘氨醇
（S1P
）
、IL-8
、apelin
（APLN
）和血管生成素 I
（ANGI
）及 ANG2
。这些因子
，连同代谢和机械应激源
，如缺氧
、营养缺乏
、低 pH 值和活性氧物种
，促进肿瘤血管生成
。相反
，一系列内源性血管生成抑制剂起到平衡这些促血管生成信号的作用
。这些包括血管抑素
（angiotastin
）
、内皮抑素
（endostatin
）
、arrestin
、canstatin
、tumstatin
、IL-12
、血小板反应蛋白 I
（TSPI
）和 TSP2
、金属蛋白酶组织抑制剂
（TIMPs
）以及干扰素-α
（IFNα
）
、IFNβ 和 IFNγ
。重要的是要注意
，这些血管生成因子存在许多细微差别和功能双重性
。例如
，VEGF-A 是所有条件下的原型血管生成因子
，而 VEGF-B 是内皮细胞的关键存活因子
，并被报道抑制病理性血管生成
。TGFβ 在早期阶段通过抑制细胞周期进程和诱导凋亡而作为肿瘤抑制因子
，但在后期通过支持血管生成和诱导上皮-间质转化来促进肿瘤进展
。ANGI 促进血管成熟和新形成血管的稳定
，但 ANG2 诱导血管失稳
、周细胞丢失
、出芽和血管生成
。尽管许多研究集中在利用血管生成因子来抑制肿瘤血管生成并有效地
“饿死
”肿瘤
，但许多促血管生成生长因子对于维持血管稳态和功能是必需的
。因此
，治疗性抑制关键的促血管生成因子可能导致不良副作用
，包括严重的并发症
，如咯血和内穿孔
，这又给康方生物AK112留下了空间
。此外
，血管生成因子可以独立地抑制抗肿瘤免疫并促进 TME 内的免疫抑制
。由肿瘤细胞
、基质细胞和包括肿瘤相关巨噬细胞
（TAMs
）在内的免疫细胞产生的高水平 VEGF 不仅促进血管生成
，而且还促进髓源性抑制细胞
（MDSCs
）的迁移和分化
，招募调节性 T 细胞
（Treg细胞
）并抑制树突状细胞成熟
。PDGF 以多种方式影响树突状细胞
，包括上调树突状细胞上的 CLEC2 表达
，从而诱导 T reg细胞分化并抑制 CD4+ T 细胞增殖
。用 PDGF-BB 亚型处理的树突状细胞也显示出改变的细胞因子产生
，即 TNF 减少和 IL-10 产生增加
。然而
，有趣的是
，PDGF-DD亚型作为自然杀伤细胞上 NKp44 受体的配体
，刺激它们分泌 TNF 和 IFNγ
，从而在胶质母细胞瘤中抑制肿瘤生长
。此外
，在 MC38 肿瘤中
，源自 TAMs 的 FGF2 驱动 TAM 重塑朝向促肿瘤表型
，并且是头颈鳞状细胞癌细胞和人未成熟树突状细胞中 PDL1 表达的强效诱导剂
。FGF 信号的小分子抑制剂可以通过 STAT1 非依赖性途径有效阻断 PDL1 上调并抑制 IFNγ 介导的 PDL1 表达
。此外
，肿瘤分泌的 FGF21 通过 AKT-mTORC1-固醇调节元件结合蛋白 1
（SREBP1
）信号通路重编程 CD8+T 细胞中的胆固醇代谢
，从而破坏抗肿瘤免疫
，导致胆固醇生物合成增加和 T 细胞耗竭
。这些发现强调了血管生成因子如何独立地促进免疫抑制和肿瘤进展
。
图片来源
：Kabir AU, Subramanian M, Kwon Y, Choi K. Linking tumour angiogenesis and tumour immunity. Nat Rev Immunol. Published online August 14, 2025. doi:10.1038/s41577-025-01211-z
肿瘤血管生成与肿瘤免疫之间的反馈调节 (Feedback regulation between tumour angiogenesis and tumour immunity)
异常肿瘤血管负向调节肿瘤免疫 (Abnormal tumour vessels negatively regulate tumour immunity)
内皮细胞在调节免疫细胞运输中的作用已得到充分证实
。免疫细胞从循环系统外渗到组织中主要通过一个称为旁细胞跨内皮迁移
（paracellular diapedesis
）或跨内皮迁移
（transendothelial migration
）的过程发生
。这个过程通常发生在毛细血管后微静脉
，依赖于内皮细胞和免疫细胞双方粘附分子和趋化因子之间的相互作用
。跨内皮迁移包括几个步骤
：选择素介导的栓系和滚动
、整合素依赖性粘附和牢固停滞
、管腔内爬行以及最终的跨迁移
。在正常生理条件下
，免疫细胞迁移主要局限于特化组织
，如初级和次级淋巴器官
、胸腺和骨髓
。在健康组织中
，炎症细胞因子如 TNF
、IFNγ 和 IL-1β 通过上调粘附分子并重新排列它们以促进最佳免疫细胞通道来启动内皮细胞进行白细胞跨迁移
。然而
，在 TME 中
，肿瘤内皮细胞通常下调关键的粘附分子
，如细胞间粘附分子 1
（ICAM1
）
、ICAM2
、血管细胞粘附分子 1
（VCAM1
）和选择素
（P-选择素和 E-选择素
）
，这种下调损害了免疫细胞外渗和招募到肿瘤块
。虽然上述粘附分子通常被认为在免疫细胞跨内皮迁移中起作用
，但不同的粘附分子和趋化因子可能导致免疫亚群的不同招募
。例如
，当清道夫和粘附受体 stabilin-1
（也称为 clever-1
）在肿瘤内皮上表达时
，它增强了单核细胞
、巨噬细胞和Treg细胞向肿瘤的浸润
。当凋亡信号调节激酶 1
（ASK1
）由肿瘤内皮表达时
，它促进单核细胞和巨噬细胞的招募
，而不影响 T 细胞的招募
。此外
，肿瘤内皮表达的 CX3C-趋化因子配体 1
（CX3C11
）优先调节表达 CX3C-趋化因子受体 1
（CX3CR1
）的单核细胞和巨噬细胞向肿瘤块的浸润
。肿瘤内皮细胞中质膜囊泡相关蛋白
（PLVAP
）的表达促进了表达叶酸受体-β
（FOLR2
）的巨噬细胞的招募
。相比之下
，用黑色素瘤分化相关蛋白 5
（MDAS
）的激动剂刺激内皮
，诱导 I 型干扰素和趋化因子
（如 CXCL9 和 CXCL10
）的释放
，这些因子支持效应 T 细胞浸润到肿瘤中
。值得注意的是
，在 VEGF 和 FGF2 等血管生成因子的影响下
，肿瘤内皮细胞对炎症刺激的反应性降低
，这种状态称为内皮细胞无反应性
（endothelial cell anergy
）
，这进一步损害了白细胞-内皮细胞相互作用
，加剧了 TME 的免疫抑制性质
除了限制免疫细胞浸润外
，肿瘤内皮细胞还在促进免疫抑制环境中发挥积极作用
。它们表达抑制性蛋白
，如 PDLL
、PDL2
、TIM3 和吲哚胺 2,3-双加氧酶
（IDO
）
，这些蛋白抑制细胞毒性 T 细胞的活化和功能
。此外
，肿瘤内皮细胞通过表达凋亡诱导配体
（如 FASL 和 TRAIL
）对细胞毒性 T 细胞形成选择性屏障
。这些配体主要诱导细胞毒性 T 细胞凋亡
，而表达抗凋亡蛋白
（如 cFLIP
）的Treg细胞则得以幸免
。肿瘤内皮细胞通过分泌可溶性因子
（包括 TGFβ
、PGE2
、IL-6
、IL-10 和 IL-35
）进一步促进免疫抑制条件
。而且
，它们上调 RAF-1e
，这是一种配体
，可触发自然杀伤细胞上 NKG2D 受体的内化
，从而抑制其抗肿瘤活性
。此外
，肿瘤内皮细胞中一氧化氮合酶 2
（NOS2
）和 NOS3 的表达可以影响 TAMs 向促肿瘤 M2 样巨噬细胞表型的重塑
，加剧免疫抑制
。
异常肿瘤血管也可以通过创造缺氧的 TME 来间接抑制肿瘤免疫
。组织不良和功能失调的血管阻碍了有效的氧气输送
，导致肿瘤内出现缺氧区域
。缺氧反过来又促进 MDSCs 的招募和分化
，并通过降低 T 细胞受体信号传导的强度来抑制效应 T 细胞的活性
。HIF-1α 还促进 CD39 和 CD73 的表达
，以增强浆细胞样树突状细胞的浸润
，导致 T reg细胞抑制细胞毒性 CD8+T 细胞
。HIF-1α 还被显示可招募骨髓来源的 CD45+髓系细胞
，这些细胞包含 Tie2+
、VEGFR1+
、CD11b+和 F4/80+亚群
，以及内皮和周细胞祖细胞
，以促进胶质母细胞瘤中的新血管形成
。在这项研究中
，骨髓来源的 CD45+细胞的 MMP9 活性对于通过增加 VEGF 生物利用度来启动血管生成是必需且足够的
。此外
，在缺氧 TME 中诱导的 HIF-1α 维持 Treg 细胞的适应性
。血管异常还导致酸性的 TME
，其特征是乳酸和其他酸性代谢物的积累
。TME 的低 pH 值诱导浸润的效应 T 细胞出现无反应性
。高水平的乳酸抑制细胞毒性 T 细胞释放 IL-2
、IFNγ
、穿孔素和颗粒酶
。此外
，乳酸使 TAMs 偏向促肿瘤 M2 型表型
，并促进促肿瘤中性粒细胞的浸润
。
免疫抑制细胞促进肿瘤血管生成 (Immune-suppressive cells promote tumour angiogenesis)
肿瘤微环境内的免疫反应是由来自先天和适应性免疫系统的髓系和淋巴样细胞之间复杂的相互作用所塑造的
。这些反应可以大致分为促肿瘤或抗肿瘤
。简而言之
，促肿瘤免疫反应通常由 MDSCs
、M2 样巨噬细胞
、促肿瘤中性粒细胞以及调节性 B 细胞和 Treg细胞介导
。相反
，抗肿瘤免疫通常以树突状细胞
、炎症性
（M1 样
）巨噬细胞
、自然杀伤细胞以及效应 B 细胞和 T 细胞的功能为特征
。对肿瘤进展的净影响取决于这些相反免疫过程之间的平衡
，这些过程通常在局部和远处肿瘤部位
（如骨髓
）同时发生
。值得注意的是
，免疫抑制细胞
，如 MDSCs
、Treg细胞和 TAMs
，通过分泌促血管生成因子
（如 VEGF
、TGFβ 和 FGF2
）来促进肿瘤血管的生成
。同时
，这些免疫抑制细胞通过释放细胞因子和信号分子
（如 IL-10
、TGFβ 和精氨酸酶
）来抑制抗肿瘤免疫反应
，这些分子抑制效应 T 细胞和自然杀伤细胞的活性
，进一步使肿瘤能够逃避免疫检测和破坏
。这些过程的累积效应是增强血管生成和维持免疫抑制性 TME
，这支持肿瘤扩张和对包括免疫疗法在内的治疗的抵抗
。
血管正常化改善抗肿瘤免疫 (Vessel normalization improves antitumour immunity)
血管正常化概念 (Vessel normalization concept)
在2001年的一篇开创性论文中
，Rakesh Jain提出了
“肿瘤血管正常化
”的概念
，表明纠正肿瘤中促血管生成和抗血管生成功能之间的不平衡可以将异常血管系统恢复到更功能性的状态
。与旨在完全根除肿瘤血管的策略不同
，血管正常化侧重于改善其结构和功能
。这种方法被认为通过增强血液灌注
、减少血管通透性和瘤内缺氧
，并促进更有效地递送细胞毒性药物来改善肿瘤控制
。许多实验室观察到
，现有抗血管生成药物的合理治疗方案在不同程度上促进了血管正常化
，为与放疗
、化疗和免疫疗法的不同联合治疗提供了机会
。
图片来源
：Kabir AU, Subramanian M, Kwon Y, Choi K. Linking tumour angiogenesis and tumour immunity. Nat Rev Immunol. Published online August 14, 2025. doi:10.1038/s41577-025-01211-z
血管正常化导致内皮细胞抗原呈递和处理的上调 (Vessel normalization leads to upregulation of antigen presenting and processing in endothelial cells)
正常化的肿瘤内皮细胞
，虽然显示出生长因子活性和血管化减少的证据
，但通常表现出涉及抗原加工和呈递的通路上调
。这引出了一个问题
：肿瘤内皮细胞是否能主动呈递抗原
，如果是
，这在肿瘤背景下可能扮演什么角色
？虽然专业的抗原呈递细胞
，如树突状细胞
、B 细胞和巨噬细胞
，对于启动抗肿瘤免疫反应至关重要
，但内皮细胞也在其表面表达 MHC 分子和共刺激蛋白
。内皮细胞上 MHC 和共刺激分子的表达水平因物种和病理条件而异
，但大量研究支持内皮细胞呈递抗原的能力
，表明内皮细胞在调节免疫反应中扮演更积极的作用
。在肿瘤背景下
，淋巴管内皮细胞
（LECs
）已被显示上调 MHC II 类和相关抗原加工机制
，以促进黑色素瘤模型中Treg细胞的扩增
。在 LECs 中特异性缺失 MHC II 类的小鼠中
，肿瘤生长减少
，并且肿瘤内效应 CD4+ T 细胞的浸润增加
。在 TME 中 LECs 缺乏 MHC II 类表达的肿瘤中
，细胞的抑制功能被深刻改变
。此外
，LECs 中的 IFNγ 信号增强了它们交叉呈递细胞毒性 T 淋巴细胞
（CTL
）介导的肿瘤细胞死亡后释放的肿瘤抗原的能力
，这导致 CTL 对 LECs 的抗原特异性杀伤
。当 LECs 中 IFNγ 受体被删除时
，这种杀伤效应被废除
，证明 IFNγ 对于减少肿瘤相关淋巴管密度和引流至关重要
。在多发性骨髓瘤中
，骨髓内皮细胞低水平表达共刺激分子
，如 CD40
、CD80
、CD86 和 ICOSL
。它们呈递抗原并刺激表达 FOXP3 并分泌 IL-10 和 TGFβ 的中心记忆 CD8+T 细胞
，通过抑制由常规抗原呈递细胞激活的效应 CD8+T 细胞来促进促肿瘤活性
。肿瘤血管系统的单细胞转录组分析显示
，具有抗原呈递表型的 LECs
（apLECs
）富含与抗原呈递相关的基因
，并显示出与血管生成尖端样 LECs 不同的特征
。在肝细胞癌
（HCC
）患者中
，较高比例的 apLECs 与改善的生存相关
，与以尖端样 LECs 为主的患者的结果形成对比
。
这些发现表明
，内皮细胞在特定条件下可以超越其在血管生成中的经典作用
，并有助于免疫调节
。然而
，重要的是要注意
，尚未有研究报道肿瘤内皮细胞是否可以呈递肿瘤来源的抗原
。此外
，尚不清楚这种抗原呈递将如何影响整体肿瘤免疫
，这使得这成为未来研究中一个非常有趣的领域
。血管生成性和抗原呈递性内皮细胞是否代表不同的群体是另一个有趣的问题
，可能为内皮异质性和特化功能提供重要见解
。可能地
，在经历血管正常化的 Myct1敲除肿瘤内皮中识别出的一个具有抗原呈递和处理通路的
“过渡性内皮细胞
”亚群
，支持了抗原呈递内皮细胞可能代表一个独特功能群体的观点
。
血管正常化增强免疫细胞向肿瘤的跨内皮迁移 (Vessel normalization enhances transendothelial migration of immune cells into tumours)
在过去的30年里
，对内皮细胞无反应性更深入的机制理解导致了更有针对性的疗法来对抗这种现象
。早期研究通过干扰肿瘤血管生成过程显示了内皮细胞无反应性的逆转
。值得注意的是
，诸如使用 TKIs
、靶向 VEGF 的单克隆抗体和靶向 FGF2 的单克隆抗体阻断血管生成等干预措施都已证明改善了白细胞粘附和跨迁移进入肿瘤组织
。血小板因子 4
（PF4
）
，一种内源性的肿瘤血管生成抑制剂
，被显示可以恢复血管生成因子诱导的 ICAMI 下调
，促进肿瘤内皮对炎症刺激的反应性
，并改善白细胞与内皮细胞的粘附
。在另一项研究中
，肿瘤内皮细胞中 ICAMI 的抑制归因于 ICAMI 启动子位点的组蛋白去乙酰化
，这可以通过使用组蛋白去乙酰化酶抑制剂和 DNA 甲基转移酶来逆转
。ICAMI 表达的恢复与黑色素瘤体内模型中白细胞粘附增加和白细胞向肿瘤核心的浸润改善相关
。在其他研究中也观察到了类似的机制驱动的肿瘤内皮细胞无反应性逆转
。当高磷酸化的 p38 MAP 激酶
（响应 FGF2 刺激而发生
）被抑制时
，通过 NF-κB 激活恢复 ICAMI 表达和白细胞粘附
。一氧化氮抑制也增加了无反应性内皮细胞对炎症细胞因子的敏感性
，并且阻断内皮素 B 受体促进 T 细胞与内皮的粘附及其随后的跨迁移
。
图片来源
：Kabir AU, Subramanian M, Kwon Y, Choi K. Linking tumour angiogenesis and tumour immunity. Nat Rev Immunol. Published online August 14, 2025. doi:10.1038/s41577-025-01211-z
血管正常化还促进了高内皮微静脉
（HEVs
）的诱导
，HEVs 是能够实现淋巴细胞高效运输的特化血管
，并可能促进三级淋巴结构
（TLSs
）的形成
。TLSs 的发展可以通过作为抗原呈递和 T 细胞激活的场所来进一步增强局部免疫反应
。靶向 LIGHT
（一种 LTBR 配体
）足以使肿瘤血管正常化
，诱导 HEV 发育
，增强 CD8+CTL 招募并改善免疫检查点阻断
（ICB
）的响应
。此外
，LTBR 激动剂已被证明能在难治性小鼠胶质母细胞瘤模型中诱导 HEV 形成
，导致 CTL 激活并使肿瘤对抗血管生成和抗 PDLI 疗法的联合作用敏感
。此外
，抗 VEGFR2 和抗 PDLI 抗体治疗的组合在各种小鼠癌症模型中通过激活 LTBR 信号通路诱导了 HEV 形成
。
图片来源
：Kabir AU, Subramanian M, Kwon Y, Choi K. Linking tumour angiogenesis and tumour immunity. Nat Rev Immunol. Published online August 14, 2025. doi:10.1038/s41577-025-01211-z
血管正常化缓解肿瘤缺氧
，增强免疫细胞功能 (Vessel normalization alleviates tumour hypoxia, enhancing immune cell function)
肿瘤缺氧的逆转可以通过正常血管对微环境的充分灌注来实现
。确实
，使用几种不同的抗血管生成方法使肿瘤血管系统正常化已被证明可以恢复灌注并减少瘤内缺氧
。自从最初关于血管减压后肿瘤缺氧解决的报告以来
，一些临床前研究报道了在高血管密度肿瘤中肿瘤缺氧的减少
。这些包括探索常规抗血管生成靶点
（如 VEGF
、VEGFR 和 FGF2
）的研究
，以及包括周细胞
、PDGF 和 PDGFR
、内皮氧传感器
、羟氯喹和致癌负荷减少在内的新的和非传统的靶点
。所有这些方法都被认为可以减少肿瘤缺氧
，部分原因是血管正常化效应
。回顾性和前瞻性研究表明
，只有当血管正常化剂的施用与灌注增加和缺氧减少相关时
，才能实现最大的治疗益处
。来自临床成像引导研究的证据也表明
，血管正常化剂的施用改善了缺氧
。例如
，用西地尼布
（cediranib
）
（一种 VEGF 受体酪氨酸激酶的小分子抑制剂
）治疗
，通过 MRI 评估
，改善了胶质母细胞瘤患者的血液灌注并减少了瘤内缺氧
。类似地
，使用贝伐珠单抗
（一种抗 VEGF 单克隆抗体
）的新辅助治疗
，通过 18F-misonidazol-PET-PET/计算机断层扫描评估
，与乳腺癌患者缺氧减少相关
。重要的是要注意
，血管正常化后缺氧的减少是一种只能发生在能够耐受
“血管正常化窗口期
”期间修剪的高密度血管化肿瘤中的现象
。需要更好地理解血管正常化窗口及其相关的线索和生物标志物
，以便适时施用疗法以获得最大的临床益处
。
血管正常化减轻瘤内压力
，促进免疫细胞浸润 (Vessel normalization relieves intratumoural pressure, facilitating immune cell infiltration)
间质液压力
（IFP
）升高是血管异常肿瘤的另一个标志
，这是由于渗漏和淋巴系统引流受损造成的
。肿瘤内升高的压力不仅促进肿瘤进展
，而且作为免疫细胞浸润的屏障
，这对于抗肿瘤免疫和免疫疗法的成功至关重要
。抗血管生成治疗通过使血管系统正常化
，降低 IFP 并恢复 TME 内的正常流体动力学
。阻断 VEGFR2 会导致肿瘤进展过程中跨血管壁的静水压力梯度降低
。瘤内压力的降低促进了免疫细胞的招募和迁移
，使它们能够更深地穿透肿瘤块
。当将血管正常化与免疫疗法结合时
，这种效果尤其有益
，因为降低的压力改善了效应 T 细胞和巨噬细胞浸润肿瘤并与肿瘤细胞接触的能力
。此外
，通过降低 IFP
，血管正常化还增强了在 TME 中积累并损害免疫功能的抗原和免疫抑制因子
（如乳酸和腺苷
）的排出
。
血管正常化与ICB疗法之间的协同作用 (Synergy between vessel normalization and ICB therapies)
癌症免疫治疗
，特别是 ICB 治疗
，已成为靶向 TME 免疫组成部分的基石
。ICB 疗法通过靶向免疫检查点分子
（如 PD1 及其配体PDL1
）来破坏促肿瘤免疫抑制机制
。一个能够带来血管正常化的合理抗血管生成治疗方案可以与 ICB 疗法的免疫刺激效应产生协同作用
。确实
，临床前研究表明
，将 ICB 与抗血管生成治疗相结合可以改善胰腺癌
、乳腺癌
、肾癌
、肺癌
、黑色素瘤
、卵巢癌
、肝细胞癌和结直肠癌模型的肿瘤结局
。潜在机制可能包括血管正常化减少瘤内缺氧
、增加瘤内效应 T 细胞
、减少耗竭 T 细胞的丰度
、将 TAM 群体重编程为更具抗肿瘤的M1样表型
、促进抗原呈递树突状细胞的成熟以及增强 HEV 的形成等
。
联合抗血管生成和 ICB 疗法的有效性提出了一个问题
：是否可以根据肿瘤的血管生成和免疫状态来预测治疗结果
。为了解决这个问题
，我们分析了30种非血液学实体瘤类型的血管生成状态和 T 细胞免疫活性
，将患者分为3种不同的血管免疫亚型
：(1) 高血管生成伴低抗肿瘤免疫
，(2)低血管生成伴高抗肿瘤免疫
，以及(3) 中间亚型
。有趣的是
，血管免疫亚型虽然在肿瘤类型中是保守的
，但在不同的实体瘤类型中以不同的比例存在
。在所有分析的队列中
，在以病理性血管生成活性低和抗肿瘤免疫力高为特征的血管免疫亚型中观察到对ICB的改善反应
，这表明TME的这两个组成部分之间存在潜在的生物相互作用
，而这种相互作用与个体肿瘤类型的异质性无关
。在临床上
，这种关系的协同作用最容易在先前已批准抗血管生成疗法或 ICB 疗法的肿瘤类型中进行探索
；我们相信这是一种可以加以利用的关系
，尽管存在潜在的肿瘤异质性
。对我们研究中进行的亚组分析的初步支持了这一观点
。肿瘤突变负荷被广泛认为是 ICB 反应的生物标志物
。有趣的是
，我们通过亚组分析发现
，只有当患者属于血管免疫亚型
，其病理性血管生成活性较低时
，具有高突变负担的患者才能获得生存益处
。这表明
，血管免疫簇所捕捉的潜在生物学提供了一个统一的框架
，用于预测抗肿瘤反应
，即使在肿瘤异质性的复杂性中也是如此
。我们建议
，低血管生成和高抗肿瘤免疫的患者最有可能从 ICB 治疗中受益
。相比之下
，那些高血管生成和低抗肿瘤免疫的患者可能对先用抗血管生成治疗随后用 ICB 的序贯治疗反应更好
。具有中间血管免疫亚型的患者可能对这些治疗策略表现出抵抗
，这可以在未来进一步研究
。
当前联合抗血管生成疗法和 ICB 的临床试验已在肾细胞癌
、HCC 和非小细胞肺癌的治疗中证明了一定的效果
。在肾细胞癌中
， 靶向 TKI 单药治疗
（索拉非尼
）一直是标准疗法
，抗 PD1 疗法与各种 TKI
（如阿昔替尼
、乐伐替尼和卡博替尼
）的组合与索拉非尼单药治疗相比
，在无进展生存期和总生存期方面都显示出显著改善
。这在主要临床试验中观察到
，如 KEYNOTE-426 (NCT02853331)
、CLEAR (NCT02811861) 和 CheckMate 9ER (NCT03141177)
。在 HCC 中
，IMbrave-150 (NCT03434379) 试验是一个突破
，其是第一个成功取得超越索拉非尼生存获益的试验
。该试验至关重要
，因为它证明了联合疗法对 HCC 的成功
，并且是第一个显示免疫疗法作为 HCC 一线治疗选择益处的试验
。在其他癌症类型中
，包括黑色素瘤
、前列腺癌
、胃食管癌
、乳腺癌和结直肠癌
，目前正在进行联合抗血管生成疗法和 ICB 的额外 III 期试验
。这些试验旨在进一步评估这种联合策略在将其益处扩展到已显示前景的癌症之外的潜力
。
有证据表明
，转移性病变对抗pd1单药治疗的耐药性增加
。事实上
，对病变的事后分析表明
，耐药性可能部分归因于CD8+ T细胞在侵袭性肿瘤边缘的浸润不足
。尽管这种对单药耐药的确切病理生理机制尚不清楚
，但临床数据表明
，与单药治疗相比
，抗血管生成和ICB联合治疗可改善转移性疾病的反应
，这为康方生物AK112提供了很好的指引
。
重点来了结论
：
最后综上所述
，如果把免疫治疗看做一辆载满士兵的火车
，那么抗PD-1这样的ICB药物主要是负责识别敌人
，不要减速全速前进
，而抗VEGF这样的血管正常化药物则主要负责开路
，毕竟开的再快没有路也不行
，如果路不好也开不太快
，毕竟
“要想富先修路
”
，而康方生物AK112无疑是最好的选择
，低毒的抗血管
，完美的开路者
，也就是更好的免疫治疗药物
。
最后是一些声明和闲话，本文部分内容出自Kabir AU, Subramanian M, Kwon Y, Choi K. Linking tumour angiogenesis and tumour immunity. Nat Rev Immunol. Published online August 14, 2025. doi:10.1038/s41577-025-01211-z
，如有侵权请联系删除
。本文仅作学术交流
，不构成任何投资建议
。风险提示
：本文所提到的观点仅代表个人的意见
，所涉及标的不作推荐
，据此买卖
，风险自负
。这篇文章难度不小
，字数也不少
，本来想慢慢写
，但是正好赶上了
，就一口气都写完了
，写的有些匆忙了
，希望可以和大家多多交流多多讨论
，也希望通过这篇文章我们都能有所收获
。谢谢大家了
。发出来可能是凌晨了
，而且是周末的凌晨
，估计看到的人会比较少
，大家明天白天再看
，也不用熬夜看
，如果有能力的
，还是推荐看原文的
，原文写的真的不错
，看完一定有所收获
，十分推荐原文
。@雪球创作者中心#雪球星计划#$康方生物(09926)$"
341867593,2025-07-09 20:18,467,380,24,1/3,https://xueqiu.com/2693678800/341867593,其实早就该写了，但是之前太忙了，今天空出一点时间，就写一下，简单聊聊康方生物2025股东大会及前后的一些事件。首先是很多人关注的，但是其实没那么重要的商业化，商业化很好，这点已经被提出来了，其实我是觉得完全不用担心的，但是市场上肯定有人担心，现在已经基本确认商业化做的不错了...,"慎终如始
，则无败事
：浅谈康方生物2025股东大会及前后事件
来自TfR1lyxxx快乐鼠鼠的雪球专栏
来源
：雪球App
，作者
： TfR1lyxxx快乐鼠鼠
，
（https://xueqiu.com/2693678800/341867593
）
其实早就该写了
，但是之前太忙了
，今天空出一点时间
，就写一下
，简单聊聊康方生物2025股东大会及前后的一些事件
。
首先是很多人关注的
，但是其实没那么重要的商业化
，商业化很好
，这点已经被提出来了
，其实我是觉得完全不用担心的
，但是市场上肯定有人担心
，现在已经基本确认商业化做的不错了
，之后慢慢等就可以了
。
第二个就是最多人关注的AK112
，其实我说过很多遍了
，康方生物目前已经是多因素驱动了
，但是目前很多人还是当成单因素去看
，那就看看最重要的AK112吧
，首先和我想的一样
，管理层认为AK112的领先很多
，其实我认为甚至可以说领先到差了一代药物的时间
，目前国内胆管癌三期快入组完了
，头颈鳞癌稍慢
，基本符合预期
，可以说康方生物的入组效率是国内数一数二的
，之后则是关于海外
，关于SMMT的部分
，关于SMMT
，我认为只要杜根想卖
，就很容易卖掉
，不用那么在乎一时
，最后就是个水到渠成的事
，至于卖给谁对康方生物的影响
，只要不卖的太差
，都算还可以
，具体还主要看后续开发力度
，头部药企都有足够的开发能力
，SMMT自己也不差
，从最开始其实就完全没有必要担心
，结合和AZ的传闻和Revolution的合作
，我认为SMMT对AK112的开发完全无需担心
，只需要静待杜根出招
，看杜根操作即可
。
之后则是AK104
，关于AK104
，康方生物最近的宣传很是低调
，但是管理层也明确指出了
，AK104在谈BD了
，以康方生物管理层的性格
，还是值得期待的
。AK104最重要的就是出海
，可以看到
，大概率是注册临床的海外二线肝癌已经开出来了
，至于BD与否
，相信康方生物的管理层会做出最好的选择
。
之后我想聊聊AK104+AK112
，实际上我很早就看好这一组合
，PD-1作为靶点
，在大部分患者体内都是很足够的
，AK112的保底是更好的贝伐
，AK104则是更好的ICI
，这两者组合可以说是一定程度上互补联合
，而AK104+AK112也开了很多二期了
，其实进度比很多AK112的follower还要快
，所以说AK112的follower的对手可能不是AK112
，而是AK104+AK112
，难度如何
，不必多说
。
之后则是康方生物公司运营的一些点
，首先
，可以明确感受到
，康方生物正在向Biopharma进发
，公司管线布局倾向于多元化
，RNA应该算是康方生物正在布局的重点方向
，同时在康方生物的费用使用中
，康方生物的控费真是太棒了
，能做到这种控费的真的没有几个
，基本上就是资金使用效率最高的
，实在难得
。最后
，康方生物的信息披露之严谨也是很让我喜欢的
，充分照顾了散户的利益
。
除此之外则是AK117
，能够很明显的感受到管理层对AK117的信心
，不仅仅是实体瘤联用
，还有血液瘤
，我觉得难度不小
，但是一旦成功会有很高的回报
，按照进度MDS的数据应该今年年底到明年年初就能看到了
，也是期待一下吧
。
之后则是一些早期管线
，大家关注的主要是ADC和细胞因子
，关于ADC
，康方生物肯定会有自己的平台
，至于效果如何
，到时候再看
，没必要这么早去做太多预期
，没太大意义
。至于细胞因子
，康方生物应该一直都有在尝试
，我希望可以看到PD-1之外的耗竭Marker为靶点的细胞因子
，毕竟PD-1实在是太多了
，能开发PD-1之外的耗竭Marker对联用是非常有利的
。
简单写了一些
，也没有长篇大论太详细的分析
，选的点都是我觉得大家可能比较关注或者我觉得比较重要的
，没有每个细节都细细分析
，对于康方生物我自己一直还是比较有信心的
，我认为需要的只是时间
，耐心等待即可
。本文仅作交流分享
，不构成投资建议
。风险提示
：本文所提到的观点仅代表个人的意见
，所涉及标的不作推荐
，据此买卖
，风险自负
。谢谢大家了
。@雪球创作者中心#雪球星计划#$康方生物(09926)$$Summit Therapeutics(SMMT)$"
337053114,2025-05-30 22:58,367,405,20,1/3,https://xueqiu.com/2693678800/337053114,万众期待的HARMONi的顶线数据出来了，无进展生存期（PFS）具有统计学显著性和临床意义的改善（HR=0.52，95% CI：0.41-0.66；p<0.00001），总生存期（OS）具有明显获益趋势（HR=0.79，95% CI：0.62-1.01；p=0.057），最近比较忙，先简单来聊几句，有可能等SMMT和康方生物解读后我会再写一篇。<br...,"但有路可上
，更高人也行
：简析HARMONi顶线数据
来自TfR1lyxxx快乐鼠鼠的雪球专栏
来源
：雪球App
，作者
： TfR1lyxxx快乐鼠鼠
，
（https://xueqiu.com/2693678800/337053114
）
万众期待的HARMONi的顶线数据出来了
，无进展生存期
（PFS
）具有统计学显著性和临床意义的改善
（HR=0.52
，95% CI
：0.41-0.66
；p<0.00001
）
，总生存期
（OS
）具有明显获益趋势
（HR=0.79
，95% CI
：0.62-1.01
；p=0.057
）
，最近比较忙
，先简单来聊几句
，有可能等SMMT和康方生物解读后我会再写一篇
。
关于HARMONi顶线数据的解读
，首先我认为最最最重要的一点
，那就是我很早就说过的国内和海外数据的一致性
，现在可以看到康方生物AK112国际多中心HARMONi研究与在中国HARMONi-A研究的结果具有一致性
（包括疗效和安全性的一致性
）
，验证了康方生物AK112在跨区域研究中具有一致性的临床疗效
，这里说句实话
，基本没人是因为这个二线适应症而看好康方生物AK112的
，都是更关注头对头的两个适应症
，HARMONi-3和HARMONi-7
，现在HARMONi-2的OS已经出了初步数据
，那么HARMONi和HARMONi-A的数据的一致性
，就一定程度上能推出HARMONi-2和HARMONi-7
，以及HARMONi-6和HARMONi-3的关联性的程度
，确定性提升了
。
再来聊聊HARMONi的这个二线适应症
，首先必须要说的是
，这个适应症海外市场确实不大
，但是我对其获FDA批准还是比较乐观的
，为什么会这么说呢
？一部分原因是就像康方生物公众号说的
，针对EGFR突变非小细胞肺癌二线及以上治疗
（2L+ EGFRm NSCLC
）
，迄今为止
，美国食品药品监督管理局
（FDA
）批准上市的药物均没有获得OS的统计学显著性
。同时就以目前的情况来看
，现在的数据OS离显著其实也没太远
，其实SMMT可以等数据更成熟再BLA
，或者干脆滚动申报数据
。实在不行就ODAC投票呗
，其实这个数据到了ODAC投票
，大概率是会过的
，原因很简单
，这是新机制
，PFS受益太大了
，OS也有不错的获益趋势
，新机制也可以不影响其他药物的序贯用药顺序
，如ADC药物
，患者非常需要不同机制的补充
。FDA比股民更在乎患者的受益
，FDA更希望患者能有更多更好的选择
。
总而言之
，目前康方生物AK112的这个HARMONi的数据至少是符合我的预期的
，基本和国内之前的数据一致
，同时整体OS也算是很不错的获益趋势
，不过要说到股价短期会怎么走
，没人可以预测
，不过康方生物AK112至少在我看来确定性好了很多
。本文仅作分享交流
，不作为投资建议
。风险提示
：本文所提到的观点仅代表个人的意见
，所涉及标的不作推荐
，据此买卖
，风险自负
。谢谢大家了
，不说了
，一边写一边操作
。@雪球创作者中心#雪球星计划#$康方生物(09926)$$Summit Therapeutics(SMMT)$"
332980653,2025-04-25 02:18,317,302,23,1/3,https://xueqiu.com/2693678800/332980653,最近又要开始很忙了，在忙之前稍微写点东西吧，有人问我HARMONi-8A，那我就简单聊一下HARMONi-8A，这个临床试验是AK112联合多西他赛在PD-1/L1疗法治疗进展或失败的非小细胞肺癌，实际上这个领域康方生物AK104也有一些进展，AK104+AK109，联合用于治疗PD-(L)1抗体治疗后进展的晚期鳞状非小细胞肺癌...,"并驾齐驱
，而一毂统辐
：简析康方生物在PD治疗进展或失败的布局与前景
来自TfR1lyxxx快乐鼠鼠的雪球专栏
来源
：雪球App
，作者
： TfR1lyxxx快乐鼠鼠
，
（https://xueqiu.com/2693678800/332980653
）
最近又要开始很忙了
，在忙之前稍微写点东西吧
，有人问我HARMONi-8A
，那我就简单聊一下HARMONi-8A
，这个临床试验是AK112联合多西他赛在PD-1/L1疗法治疗进展或失败的非小细胞肺癌
，实际上这个领域康方生物AK104也有一些进展
，AK104+AK109
，联合用于治疗PD-(L)1抗体治疗后进展的晚期鳞状非小细胞肺癌
，也已经被CDE纳入为突破性疗法
，先简单借着以前的数据聊聊
，之后等数据更多了再详细聊
，在聊具体数据之前
，先看一下康方生物这次临床命名的方法
，HARMONi-8A
，如果和AHRMONi-A是一个规则的话
，就意味着未来会有相关的global临床由SMMT展开
。在这个适应症
，AK112和AK104都有一些早期的临床数据
，我们简单分析一下看看前期的情况
。等之后数据更新了还会有更详细的分析
。
对于驱动基因阴性晚期非小细胞肺癌
（NSCLC
）患者
，在接受一线免疫检查点抑制剂联合化疗方案治疗失败后
，临床面临的后续治疗手段较为匮乏
。根据NCCN临床实践指南推荐
，化疗单药治疗是该类患者的标准化疗方案
，但其临床获益存在明显局限性
：现有研究数据显示
，该方案客观缓解率
（ORR
）仅维持在14%-17%区间
，中位无进展生存期
（PFS
）为4.0-5.4个月
，6个月PFS率约为30%
，总生存期
（OS
）也仅有10.5-12个月
。这些临床数据凸显了该患者群体在二线治疗阶段存在显著的未满足医疗需求
。
康方生物卡度尼利联合安罗替尼及多西他赛联合治疗的数据在AK104-IIT-018中有所提及
，入组了46例患者
。其中41.3%为非鳞癌
、58.7%为鳞癌
，PD-L1表达水平分层显示
：低表达
（＜1%
）
、中等表达
（1-49%
）及高表达
（≥50%
）患者比例分别为10.9%
、28.3%和15.2%
；转移方面
，脑转移
、肝转移及骨转移发生率分别为10.9%
、6.5%和23.9%
。基线特征与真实世界研究数据中晚期NSCLC人群相匹配
，具有较好的临床代表性
。总体无进展生存期
（PFS
）成熟度为30.4%时
，6个月PFS率为56.9%
（多西他赛单药为30%
）
，中位PFS为6.5个月
（多西他赛单药为4个月
）
。33例患者中10例患者达到部分缓解
（PR
）
，21例达到疾病稳定
（SD
）
，总体的客观缓解率
（ORR
）为30.3%
，明显高于既往研究中多西他赛14%的ORR
。10例达到部分缓解的患者
，中位缓解持续时间
（DoR
）达5.0个月
。同时令人惊喜的是DCR高达94.0%
，几乎所有患者的肿瘤都受到有效控制
。
而康方生物AK112+化疗的数据则在AK112-201的队列三中有所展现
，该研究队列3共纳入20例患者
，其中鳞癌患者7例
（35%
）
，非鳞癌患者13例
（65%
）
。鳞癌患者5例
（71%
）接受过1线既往治疗
，2例
（29%
）接受过2线既往治疗
；非鳞癌患者
：9例
（69%
）接受过1线既往治疗
，3例
（23%
）接受过2线既往治疗
，1例
（8%
）接受过3线既往治疗
。总体ORR为40.0% (19.1, 63.9)
，DCR为80.0% (56.3, 94.3)
，中位PFS为7.1个月 (2.2, 14.6)
，中位OS则为17.1个月 (8.4, NE)
，这是个20个人的临床
，看起来效果也可以
，就以这个数据来看
，HARMONi-8A的成功的可能性还是比较大的
，我个人也是比较乐观的
。
综上所述
，不管是AK104还是AK112
，都是很有可能在PD经治耐药做出一定的突破的
，这部分目前还是有着很大的未被满足的临床需求的
，希望AK104和AK112能够有一定突破
，只要突破
，对康方生物来说又是一个极大的里程碑
，对病人来说也将是很好的选择
。AK105被FDA批准了
，也算是康方生物的一个里程碑了
，今天发一篇文也算纪念一下FDA批准康方生物第一款药物
。本文部分内容出自康方生物公众号
，仅作交流分享
，不构成投资建议
，如有侵权请联系删除
。风险提示
：本文所提到的观点仅代表个人的意见
，所涉及标的不作推荐
，据此买卖
，风险自负
。谢谢大家了
。@雪球创作者中心#雪球星计划#$康方生物(09926)$$Summit Therapeutics(SMMT)$"
330594845,2025-04-07 20:28,324,449,20,1/3,https://xueqiu.com/2693678800/330594845,一直有和大家分享亚盛医药相关内容的想法，想过几个角度，最终选择了从BCL-2这个我心目中未来的百亿美元靶点，也是APG2575的靶点入手。这篇文章我参考了一些文献，其中亚盛医药对自家分子的剖析“Lisaftoclax (APG-2575) Is a Novel BCL-2 Inhibitor with Robust Antitumor Activity in Preclinica...,"志弗休者
，虽难必易
；行不止者
，虽远必臻
：从BCL-2到亚盛医药的APG2575
来自TfR1lyxxx快乐鼠鼠的雪球专栏
来源
：雪球App
，作者
： TfR1lyxxx快乐鼠鼠
，
（https://xueqiu.com/2693678800/330594845
）
一直有和大家分享亚盛医药相关内容的想法
，想过几个角度
，最终选择了从BCL-2这个我心目中未来的百亿美元靶点
，也是APG2575的靶点入手
。这篇文章我参考了一些文献
，其中亚盛医药对自家分子的剖析
“Lisaftoclax (APG-2575) Is a Novel BCL-2 Inhibitor with Robust Antitumor Activity in Preclinical Models of Hematologic Malignancy.
”这篇文章我建议有能力的都看看
，而且是免费的
，也不需要什么渠道就能获取
。由于我还是有些忙
，同时也为了避免篇幅过长
，我仅对一些重点进行了分享和分析
，但是即使这样本文应该也是几千字了
，对大部分读者读起来大概率会有点吃力
，尤其是一些英文专有词汇翻译成中文之后可能有点难以理解
，我会尽量把重点内容加粗标出来
。那么就开始吧
。
BCL-2基因家族与细胞凋亡调控
B细胞淋巴瘤2
（BCL-2
）基因家族编码20余种调控内源性凋亡通路的蛋白
，对细胞存活与死亡的平衡至关重要
。BCL2最初作为t(14;18)染色体易位的一部分被发现
，该易位发生于滤泡性淋巴瘤和弥漫大B细胞淋巴瘤
（DLBCL
）患者中
，导致BCL2转录水平升高
。尽管最初认为其作为经典促生长癌基因发挥作用
，但后续研究表明BCL2通过抑制凋亡促进恶性细胞存活
。BCL-2家族成员的共同特征为含有最多四个保守的BCL-2同源
（BH
）结构域
。含多结构域
（BH1-4
）的抗凋亡蛋白BCL-2
、BCL-XL
（亦称BCL-2L1
）
、BCL-W
（亦称BCL-2L2
）
、MCL1和BCL-2A1可拮抗促凋亡BH3-only蛋白
，并抑制关键凋亡效应分子BCL-2拮抗剂杀伤蛋白1
（BAK
）和BCL-2相关X蛋白
（BAX
）
。BCL2失调导致抗凋亡蛋白BCL-2过表达
，从而改变BCL-2家族促凋亡与抗凋亡成员的平衡
。由此产生的凋亡抑制被认为与化疗耐药相关
，并已在多种癌症中被证实
，包括血液系统恶性肿瘤
（如多发性骨髓瘤
（MM
）
、慢性淋巴细胞白血病
（CLL
）
、急性淋巴细胞白血病
（ALL
）
、急性髓系白血病
（AML
）
、骨髓增生异常综合征
（MDS
）和骨髓增殖性肿瘤
（MPN
）
）及实体瘤
（如乳腺癌
、肺癌
、黑色素瘤和间皮瘤
）
。
与抗凋亡蛋白不同
，仅含BH3结构域的促凋亡蛋白
（如BCL-2相互作用细胞死亡介导因子
（BIM
）和BH3相互作用域死亡激动剂
（BID
）
）通过在线粒体和内质网抑制抗凋亡蛋白
，并可能通过直接激活BAX和BAK传递内源性细胞死亡信号
。促凋亡蛋白BAX和BAK的寡聚化导致线粒体外膜通透化
（MOMP
）及前述事件
，最终引发凋亡
。抗凋亡BCL-2蛋白通过结合促凋亡蛋白的BH3基序将其隔离
，从而抑制该过程
。由于BCL-2介导的内源性凋亡抵抗是恶性肿瘤的标志
，靶向抗凋亡BCL-2蛋白成为癌症治疗的重要策略
。
图片来源
：Ashkenazi A, Fairbrother WJ, Leverson JD, Souers AJ. From basic apoptosis discoveries to advanced selective BCL-2 family inhibitors. Nat Rev Drug Discov. 2017;16(4):273-284. doi:10.1038/nrd.2016.253
基于此
，开发抗凋亡蛋白的有效小分子抑制剂作为靶向凋亡的新策略具有合理性与预期性
。这类抑制剂被称为BH3模拟剂
，可通过结合抗凋亡蛋白抑制其活性与功能
，从而促进促凋亡蛋白诱导凋亡
。
图片来源
：Xu J, Dong X, Huang DCS, Xu P, Zhao Q, Chen B. Current Advances and Future Strategies for BCL-2 Inhibitors: Potent Weapons against Cancers. Cancers (Basel). 2023;15(20):4957. Published 2023 Oct 12. doi:10.3390/cancers15204957
新一代BCL-2抑制剂
（BH3模拟剂
）亚盛医药APG2575的诞生
对促凋亡与抗凋亡蛋白相互作用的结构解析最终促成首个BH3模拟剂navitoclax
（ABT-263
）的发现与临床开发
。尽管在晚期癌症患者中显示出临床疗效
，但许多接受navitoclax治疗的患者经历了由靶向BCL-xL介导的血小板抑制引发的高级别
（3/4级
）血小板减少症
。
随后
，BH3模拟剂V药
（venetoclax
，ABT-199
）被开发为对BCL-2具有更高选择性的结合剂
，并成为首个获FDA批准的BCL-2选择性小分子抑制剂
，最初用于CLL患者
（后续扩展至AML
）
。然而
，许多接受V药治疗的个体会出现血液学毒性和肿瘤溶解综合征
，这要求根据美国药品说明书进行为期5周的剂量递增方案
——该方案可能对部分患者造成用药障碍
，并增加医疗系统负担
，这为亚盛医药APG2575的开发留下了空间
。
亚盛医药APG2575与参照BCL-2抑制剂V药
（venetoclax
，ABT-199
）存在两个关键结构差异
。在位置1
，二甲基基团被环丁基环取代
；在位置2
，四氢-2H-吡喃基团被1,4-二氧六环取代
。构效关系研究表明
，位置1和2的修饰是可行的
——这使得2575仍保持对BCL-2的强效结合亲和力
，这种设计正是me better的常用手段
，2575绝非没有创新性
，而是很好的踏出了me better的一步
。APG2575在BCL-2依赖性细胞系中显示细胞活性
，并在动物模型中呈现可接受的药代动力学特征
。在竞争性FP结合实验中
，与V药相比
，2575对BCL-2
、BCL-xL和MCL-1的结合谱非常相似
：对BCL-2的Ki < 0.1 nmol/L
，对BCL-xL的亲和力较弱
，对MCL-1的亲和力显著更弱
，一定程度上证明了其安全性和有效性
。
在BCL-2依赖性细胞系RS4;11
、HL-60和MV-4;11中检测了2575的体外细胞活力抑制活性
。其IC50值分别为3.6 nmol/L
（RS4;11
）
、2.4 nmol/L
（HL-60
）和1.9 nmol/L
（MV4;11
）
——均与V药相当或更低
。尽管2575对BCL-xL具有纳摩尔级结合亲和力
，但在依赖BCL-xL抗凋亡蛋白存活的SKLU-1细胞系中
，其对细胞活力的影响极小
。该细胞系对BCL-xL特异性抑制剂WEHI-539及BCL-2/BCL-xL抑制剂ABT-263敏感
。与其对MCL-1的弱结合亲和力一致
，2575对MCL-1依赖性细胞系NCI-H23的活力亦无影响
，而MCL-1抑制剂A1210477可显著抑制该细胞活力
。
图片来源
：Deng J, Paulus A, Fang DD, et al. Lisaftoclax (APG-2575) Is a Novel BCL-2 Inhibitor with Robust Antitumor Activity in Preclinical Models of Hematologic Malignancy. Clin Cancer Res. 2022;28(24):5455-5468. doi:10.1158/1078-0432.CCR-21-4037
那么接下来就让我们看看
，亚盛医药APG2575和V药相比
，可能的优势主要在哪些方面
，这次我们主要从药物的分子机制看看
。首先在CLL患者来源的原代样本中
，2575的敏感性高于V药
——暴露于两种BCL-2抑制剂4小时后
，2575的IC50值降低2倍
。其他CLL样本也显示2575对细胞活力的抑制更强
（与V药相比P = 0.0022
）
。在细胞增殖实验中
，2575对多发性骨髓瘤细胞系的中位IC50为3.6 μmol/L
（V药为4.4 μmol/L
）
，对WMG细胞系的中位IC50也更低
（即2575效力更强
：3.0 vs. 7.0 μmol/L
；P = 0.0027
）
。在原代人源多发性骨髓瘤细胞中
，2575的中位IC50
（1.33 μmol/L
）较V药
（3.01 μmol/L
）降低≥2倍
（P = 0.0030
）
。在扩展的30种血液肿瘤细胞系组合中
，2575单药的活性总体与V药相当
。
这之后在RPMI8226
（多发性骨髓瘤
）细胞中
，细胞摄取实验显示2575快速进入肿瘤细胞
，胞内浓度在2小时内达到平台期并维持至6小时孵育结束
。由于2575进入RPMI8226细胞更快
，各时间点胞内浓度较V药高1.44-1.61倍
（P < 0.0500
）
。KMS-11
（多发性骨髓瘤
）细胞也呈现类似模式
，2575胞内浓度较V药高1.46-1.92倍
（P < 0.0500
）
。
其次与2575快速摄取一致
，免疫印迹分析显示2575触发的胞质细胞色素c释放强于V药
。在骨髓瘤
（P = 0.0022
）和WMG细胞系
（P = 0.00230
）中
，2575诱导的下游caspase-3/7
（促凋亡
）与V药相比活性均显著更高
。2575诱导的凋亡中位值在骨髓瘤
（72.92% vs. 37.04%
；P = 0.0022
）和WMG细胞系
（60.20% vs. 50.00%
；P = 0.0411
）中也显著高于V药
。这些数据证明了2575细胞摄取更快且在骨髓瘤/WMG模型中促凋亡活性更强
。
之后在多发性骨髓瘤或WMG患者来源的原代肿瘤细胞中进一步表征2575
。暴露于2575的细胞线粒体外膜通透化
（MOMP
）显著增加
（通过线粒体去极化降低体现
）
，这是凋亡启动的关键标志
。与V药相比
，2575治疗诱导的凋亡在多发性骨髓瘤
（61.68% vs. 53.28%
；P = 0.0015
）和WMG
（73.84% vs. 58.00%
；P = 0.0043
）原代肿瘤细胞中更高
。
同样的BCL-2家族蛋白的Western blot分析显示
，2575快速增加促凋亡蛋白BIM和Noxa水平
）
。在KMS-11和BCWM.1细胞的时间进程分析中
，BIM在2575处理后2小时内显著增加
（与溶媒相比均P < 0.0001
）
，6小时后下降
。2575处理还使Noxa表达在1-6小时内显著升高
（KMS-11 P = 0.0004
；BCWM.1 P = 0.0027
）
。MCL-1水平在KMS-11中轻度升高
，但在BCWM.1中无变化
。为评估BIM在凋亡启动中的作用
，发现KMS-11细胞线粒体中BIM在2575暴露后积累更多
（与溶媒或V药相比
）
。
之后再通过测量氧耗速率
（OCR
）评估2575对线粒体生物能量学的潜在影响
。经线粒体解偶联剂羰基氰化物-4-三氟甲氧基苯腙
（FCCP
）处理的KMS-11细胞最大呼吸在2575暴露后显著降低
（与V药相比P = 0.0027
；与溶媒相比P = 0.0023
；
。非线粒体呼吸
（P = 0.0035
）和储备呼吸能力
（P = 0.0150
）也显著下降
（与溶媒相比
）
。这些变化导致2575处理细胞中线粒体ATP生成显著减少
（与溶媒相比P = 0.0035
）
，支持2575在启动凋亡时损伤其他线粒体功能的能力
。
图片来源
：Deng J, Paulus A, Fang DD, et al. Lisaftoclax (APG-2575) Is a Novel BCL-2 Inhibitor with Robust Antitumor Activity in Preclinical Models of Hematologic Malignancy. Clin Cancer Res. 2022;28(24):5455-5468. doi:10.1158/1078-0432.CCR-21-4037
接下来再看几个动物实验数据
，首先使用100 mg/kg剂量评估2575在多发性骨髓瘤模型
（KMS-11
）中的效果
。通过Luc标记肿瘤细胞的生物发光信号强度
（总通量
）测量
，2575组第20天肿瘤负荷显著降低
（与溶媒相比P = 0.0010
）
，但2575与V药组间无统计学差异
。2575耐受良好
，体重无显著下降
。Kaplan-Meier分析显示2575治疗小鼠生存期显著延长
（中位生存25天 vs.溶媒21天
；P < 0.0500
）
。切除肿瘤的IHC分析显示Ki67降低而cleaved caspase-3显著增加
（与溶媒相比P = 0.0220
）
。
接着在WMG模型
（BCWM.1
）中
，2575治疗至第15天时T/C比达25.12%
（无显著毒性或体重下降
）
。接受2575的小鼠中位生存期较溶媒组更长
（29天 vs.21天
；P = 0.0190
）
。肿瘤组织中cleaved caspase-3 IHC染色强度增加
（与溶媒相比P = 0.0025
）
，证实2575处理小鼠BCWM.1肿瘤细胞凋亡增强
。
除人源细胞系异种移植外
，建立ibrutinib耐药WMG患者的人源肿瘤异体移植模型模型
。2575给药29天以模拟患者单周期治疗
。与V药
（P = 0.0002
）或BTK抑制剂伊布替尼ibrutinib
（P = 0.0003
）相比
，2575暴露小鼠肿瘤负荷显著更低
（T/C 17.56%
）
。对应地
，2575治疗组生存期
（63天
）较V药
（36天
；P = 0.002
）及其他组
（溶媒34天
；ibrutinib 38天
）显著延长
。
图片来源
：Deng J, Paulus A, Fang DD, et al. Lisaftoclax (APG-2575) Is a Novel BCL-2 Inhibitor with Robust Antitumor Activity in Preclinical Models of Hematologic Malignancy. Clin Cancer Res. 2022;28(24):5455-5468. doi:10.1158/1078-0432.CCR-21-4037
在RS4;11模型中
，小鼠单次口服2575或V药6.25 mg/kg后采集肿瘤样本进行药效分析
。cleaved caspase-3在2575处理后4小时快速诱导
，24小时达峰
。该增加伴随PARP-1切割诱导
，表明2575与V药触发的凋亡活性相当
。
在RS4;11荷瘤小鼠中进行药代动力学分析
：单次口服2575 6.25
、25或100 mg/kg
，V药25 mg/kg作为对照
。血浆和肿瘤中2575浓度呈剂量依赖性升高
。100 mg/kg组血浆峰浓度
（Cmax
）为7,803.3 ng/mL
，AUC0-last为123,401.2小时
·纳克/毫升
。2575与V药25 mg/kg的血浆消除半衰期
（t1/2
）相似
：分别为5.2-6.0小时和6.3小时
。肿瘤中t1/2范围
：2575三剂量组13.2-48.1小时 vs.V药25 mg/kg组18.1小时
。
为评估2575对功能性造血的影响
，采集正常近交系BALB/c
（H2d
）雌鼠骨髓样本接种于96孔板
，用DMSO
（溶媒
）和递增浓度2575/V药处理
。治疗24和72小时后活力分析显示
，2575的IC50分别约为20 μmol/L和10 μmol/L
。基于IC50值
，细胞在48和72小时对2575与V药敏感性相似
。
在每日口服2575 100
、300和1000 mg/kg持续28天的雌雄CD-1小鼠中进一步评估
。仅1000 mg/kg/天组观察到与2575相关的轻中度血液学效应
，100或300 mg/kg/天组异常较少
。
图片来源
：Deng J, Paulus A, Fang DD, et al. Lisaftoclax (APG-2575) Is a Novel BCL-2 Inhibitor with Robust Antitumor Activity in Preclinical Models of Hematologic Malignancy. Clin Cancer Res. 2022;28(24):5455-5468. doi:10.1158/1078-0432.CCR-21-4037
总结一下
，现在研究发现BH3模拟型
（mimic
）BCL-2抑制剂需快速达到线粒体阈值以触发凋亡
，其效应取决于细胞渗透速率和最大血药浓度
。尽管亚盛医药的2575与V药作用机制相似
，但两者的抗BCL-2效应强度存在差异
。在多发性骨髓瘤和华氏巨球蛋白血症
（WMG
）细胞系及患者原代样本中
，亚盛医药的2575可诱导更强的caspase 3/7活化和更显著的促凋亡效应
。这种优势可能源于
：1
、更快的细胞摄取速度及在多发性骨髓瘤细胞中更高的蓄积量
（vs V药
）
；2
、更强的BCL-2:BIM复合物解离能力
；3
、更显著诱导促凋亡BH3-only蛋白BIM及其从胞浆向线粒体转位
；4
、更显著提升促凋亡BH3-only蛋白Noxa水平
（V药对此无显著影响
）
。除这些细胞分子层面的差异外
，来自伊布替尼难治性侵袭性WMG患者的PDX模型揭示了潜在的临床相关性差异
：亚盛医药的2575显著抑制WMG肿瘤生长并显著延长模型存活期
，而V药仅显示微弱抗肿瘤活性
。该差异的生物学机制正在深入研究
。
通过以上分析
，亚盛医药APG2575在分子机制上的优势已经展露出了一部分
，当然
，由于小分子机制的复杂性
，目前对APG2575优势的解析肯定是不完全的
。希望未来亚盛医药可以进行更多探索
，当然也不排除公司早已完成探索
，只是不发出来
，这也是很正常的
。不过这些解析也一定程度上解释了2575为什么在临床上有着优势
，在给药方式上
，以及给药方式之外的包括疗效和联用的优势
。当然了
，未来或许会有更多的解析
，到时候再和大家讨论分享吧
。本文部分内容出自Ashkenazi A, Fairbrother WJ, Leverson JD, Souers AJ. From basic apoptosis discoveries to advanced selective BCL-2 family inhibitors. Nat Rev Drug Discov. 2017;16(4):273-284. doi:10.1038/nrd.2016.253
，Xu J, Dong X, Huang DCS, Xu P, Zhao Q, Chen B. Current Advances and Future Strategies for BCL-2 Inhibitors: Potent Weapons against Cancers. Cancers (Basel). 2023;15(20):4957. Published 2023 Oct 12. doi:10.3390/cancers15204957
，Deng J, Paulus A, Fang DD, et al. Lisaftoclax (APG-2575) Is a Novel BCL-2 Inhibitor with Robust Antitumor Activity in Preclinical Models of Hematologic Malignancy. Clin Cancer Res. 2022;28(24):5455-5468. doi:10.1158/1078-0432.CCR-21-4037如有侵权请联系删除
，本文仅作学术交流分享讨论
，不构成投资建议
。风险提示
：本文所提到的观点仅代表个人的意见
，所涉及标的不作推荐
，据此买卖
，风险自负
。谢谢大家了
。@雪球创作者中心#雪球星计划#$亚盛医药(AAPG)$$亚盛医药-B(06855)$"
329642723,2025-03-31 18:16,214,403,12,1/3,https://xueqiu.com/2693678800/329642723,简单聊聊康方生物的年报吧，其实关于应该怎么去看一家康方生物这样的Biotech公司的财报，我之前有写过一篇文章“浪成于微澜之间—从中国Biotech财报看中国创新药黄金十年收获期”， 网页链接 ， 感兴趣的可以...,"譬如破竹
，数节之后
，皆迎刃而解
：简析康方生物2024年报
来自TfR1lyxxx快乐鼠鼠的雪球专栏
来源
：雪球App
，作者
： TfR1lyxxx快乐鼠鼠
，
（https://xueqiu.com/2693678800/329642723
）
简单聊聊康方生物的年报吧
，其实关于应该怎么去看一家康方生物这样的Biotech公司的财报
，我之前有写过一篇文章
“浪成于微澜之间—从中国Biotech财报看中国创新药黄金十年收获期
”
，网页链接
，感兴趣的可以看看
。
那么首先看看最容易看的
，也就是营收
，康方这次卖药所产生的营收的增速同比增长约25%
，不算很高的增速
，但是也基本是预期内
，104的降价
，新商业化的团队的搭建
，这些都是需要时间来消化的
，其实主要还是现在进医保的适应症比较小
，真正关键的还是一线肺癌和一线胃癌
，尤其是进医保后的这两个适应症的放量速度
。再就是康方现在商业化的策略
，立足于学术推广
，这种模式在国内还属于比较新的
，我个人认为放量曲线可能会与传统模式不同
，不过我个人觉得还是比较值得期待的
，尤其是在更多大适应症入医保后
。这种立足于学术推广的模式也确实缺少一些可以参考的对照
，所以管理层给不出确切的指引一方面也是因为这个
。不过
，管理层对今年的放量还是比较乐观的
，这里我也是比较相信管理层的
，同时也是相信学术推广的模式在国内
，只要药好
，一样可以走的通
。
再一个让我觉得比较重要的是
，康方生物的控费做的非常好
，销售这些就不说了
，研发费用
，在这么多三期进行的时候
，居然控制在了和往年差不多的水平
，不得不说
，这个资金利用效率真是太高了
。
那么接下来看看Biotech公司最核心的价值
，管线价值
。112说实话
，就是按照预期推进
，至少我的预期就是如此
，PD耐药开起来也是早晚的事
，SMMT那边更多的临床也一定会开起来
，尤其是肺癌之外的
，包括把AK117直接带到海外的头颈鳞癌
，这部分就等年中SMMT公布计划
，年中应该也会公布一系列和辉瑞的ADC联用的临床
，至于峰值
，现在难下定论
，且行且看
，我个人还是比较乐观的
。112的几个关键节点就是年中的global的2线数据
，和替雷的头对头的PFS
，还有就是单药头对头K的OS
，两个头对头数据应该是今年年底至明年年初出
。
接下来则是AK104
，今天实际上管理层用了很长时间强调AK104的价值
，同时从去年开始的融资到一直以来的节省控费
，康方生物攒下了一笔可观的10亿美元级别的现金流
，我认为主要的用处就是AK104的出海
，AK104的海外三期临床我认为今年就能看见
，至于合作与否
，其实我认为大概率还是会合作的
，只不过是两种模式
。一种是先开临床后合作
，另一种是先合作再开临床
。各有利弊吧
，先开临床再合作首付款会多拿点
，会更锻炼海外团队
，先合作再开临床则是可以多一些联用的选择
，同时速度或许会稍微快些
。不过具体方案现阶段肯定是保密的
，目前就不多猜了
，就等之后公布了
。
至于其他的管线
，CD47和VEGFR进了三期
，之后等数据就是了
，至于其他双抗和ADC
，AK129单药或联合AK117治疗PD-1/L1抑制剂治疗失败的复发或难治性经典型霍奇金淋巴瘤的280人的临床
，是有可能直接注册上市的
，类似康方生物AK104的二线宫颈癌
，还是可以期待的
，再往后的
，就还早了
，一时半会对价值没什么影响
。
总而言之
，我对康方生物2024的年报还是比较满意的
，不过104现在还处于部分保密阶段
，新的内容就没有讲太多
。整体稳中向好
，有很多值得期待的东西
，算得上是多因素驱动
，不会缺少催化剂
，也不会因为单因素没那么亮眼而价值崩塌
。风险提示
：本文所提到的观点仅代表个人的意见
，所涉及标的不作推荐
，据此买卖
，风险自负
。谢谢大家了
。@雪球创作者中心#雪球星计划#$康方生物(09926)$"
327911591,2025-03-18 22:58,247,248,15,1/3,https://xueqiu.com/2693678800/327911591,最近一直很忙，之前就想写写这个，但是一直没有时间，今天抽出来一点时间写写吧，很多人一直认为SMMT的能力比较有限，如果不引入MNC仅靠自身难以开发AK112，但是在我看来这是个不太正确的观点，SMMT或者说杜根的能力远比大部分人想象的强。具体分析下，按照从低到高看看SMMT满足了开发康方生...,"试玉要烧三日满
，辨材须待七年期
：简析SMMT与康方生物合作
来自TfR1lyxxx快乐鼠鼠的雪球专栏
来源
：雪球App
，作者
： TfR1lyxxx快乐鼠鼠
，
（https://xueqiu.com/2693678800/327911591
）
最近一直很忙
，之前就想写写这个
，但是一直没有时间
，今天抽出来一点时间写写吧
，很多人一直认为SMMT的能力比较有限
，如果不引入MNC仅靠自身难以开发AK112
，但是在我看来这是个不太正确的观点
，SMMT或者说杜根的能力远比大部分人想象的强
。
具体分析下
，按照从低到高看看SMMT满足了开发康方生物AK112的哪些条件
：
首先是现金流
，这点说实话
，很多人总有一些莫名其妙的担心
，觉得SMMT没多少钱
，开不出多少临床
，认为SMMT现金流会很紧张
。但是事实绝非如此
，杜根的融资能力绝对是最顶级的
，只要初期数据可以
，以杜根的能力也绝对不缺融资的机会
，最直接的表现就是2024年SMMT的现金流在没有收入的情况下甚至所剩现金超过了23年
。
第二点就是临床推动的能力
，有人认为SMMT会入组很慢
，康方生物AK112在美国的商业化会很晚
，实际这又是一种错误的印象
，先看康方生物和SMMT的合作时间
，是22年底
，而HARMONi临床申报BLA如果成功的话
，商业化就在26年
，真的慢吗
？我个人觉得是完全不慢的
，另外一点HARMONi-3的扩招
，和FDA沟通的效率都是惊人的快
，绝对谈不上推动临床能力弱
。至于说未来的临床开发
，我个人对SMMT还是比较乐观的
，我认为SMMT很快就会开出一系列临床
，不仅仅是肺癌
，具体等年中看看
。
第三点是一个惊喜
，SMMT对康方生物的依赖很高
，或者说康方生物对AK112的海外开发有非常高的主导权
，这一点非常重要
，因为作为基石药物AK112联用的药物也能抱上AK112的大腿
，这样可以带动一系列药物的销售
，而这些都是开发主导所能带来的好处
，康方生物AK117以及后续其他联用可以借此机会直接出海
，算是非常大的好处了
。
第四点则是SMMT本身去寻找外部合作的能力
，这一点也是SMMT或者说杜根资源和能力的体现
。具体体现在和辉瑞的合作
，实际上我认为肯定不仅会和辉瑞合作
，SMMT自己也是这么表达的
，不管SMMT自身是否会被收购
，一款基石药物的开发
，肯定不会仅仅依赖一家公司自身的自研
，从自研到引进到合作
，都是必不可少的
，接下来就继续期待SMMT和杜根的操作吧
。
最近确实比较忙
，有段时间没有更新长文了
，今天晚上写了些
，发出来和大家交流交流
。风险提示
：本文所提到的观点仅代表个人的意见
，所涉及标的不作推荐
，据此买卖
，风险自负
。谢谢大家了
。@雪球创作者中心#雪球星计划#$康方生物(09926)$$Summit Therapeutics(SMMT)$$辉瑞(PFE)$"
321987329,2025-01-29 23:18,343,431,4,1/3,https://xueqiu.com/2693678800/321987329,又到了农历新年，今年是蛇年，蛇这种动物在医药中有着特殊的含义，医神阿斯克勒庇俄斯的蛇杖就是一根有蛇缠绕的木杖，在今天的欧洲是药学的象征，他的女儿阿克索则代表“药神”。这里的蛇的来源有多重说法，比较公认的一种是有一次，他亲眼看到一条毒蛇被另一条蛇用某种草药救活，这一幕让他深受触...,"乙巳蛇年
，阿斯克勒庇俄斯之蛇杖
，简单聊聊我自己
来自TfR1lyxxx快乐鼠鼠的雪球专栏
来源
：雪球App
，作者
： TfR1lyxxx快乐鼠鼠
，
（https://xueqiu.com/2693678800/321987329
）
又到了农历新年
，今年是蛇年
，蛇这种动物在医药中有着特殊的含义
，医神阿斯克勒庇俄斯的蛇杖就是一根有蛇缠绕的木杖
，在今天的欧洲是药学的象征
，他的女儿阿克索则代表
“药神
”
。这里的蛇的来源有多重说法
，比较公认的一种是有一次
，他亲眼看到一条毒蛇被另一条蛇用某种草药救活
，这一幕让他深受触动
，进而联想到蛇可能蕴含神秘的治愈力量
。受此启发
，他将蛇缠绕在手杖上
，作为自己行医的象征
。这根手杖后来被称为
“阿斯克勒庇俄斯之杖
”
（即
“蛇杖
”
）
，并逐渐成为医学的象征
。
借着这个机会聊聊我自己吧
，医药行业对我来说是我的本业
，投资只是顺带的事
，而我为什么选择医药行业呢
，客观的说有受到家里的影响
，我家里往上三代都有大量医药行业从业者
，有被上市企业收购的
，有传统医学药学
，也有现代医学药学
，也算是有各个领域的佼佼者了
，上市企业的董事长也有可能就是在我小时候给我红包的某个叔叔
。看到这里肯定有人以为我小时候家里条件很好
，其实并非如此
，因为我的父母其实非常的独立自强
，并没有很接受家里的恩惠
，或者说就是在年轻时莫向外求吧
。我现在都记得小时候没怎么吃肉
，最爱的菜就是西红柿炒鸡蛋
，也记得小时候没喝过的哇哈哈
。不过后来通过我父母的奋斗我的家里的条件也是慢慢好起来了
，我也是很感谢我的父母
，在我的求学和人生道路上教会了我很多也帮助了我很多
。
扯远了
，那么为什么我那么看好医药行业
，或者说为什么我自己从事医药行业呢
，其实和很大一部分的医药从业者的出发点相同
，说到底就是四个字
，治病救人
，初心很大一部分就是源于此
，我的家里祖父辈的老人去世了两位
，都是因为癌症
，那种无力感
，那种不舍感其实在多个深夜会反复出现
。我知道病人和家人有多不舍
，有多难过
，也知道一款能让病人活的更久的药物到底有多高的价值和意义
。
说实话在我刚选择这个专业的时候我其实是没有现在这么乐观的
，在当时国内还是以仿制药为主
，甚至me too都没那么多
，不过2015年发生了什么大家都知道
，从那之后创新药的黄金十年开启了
，持续至今
，很幸运啊
，赶上了时代
，看着现在的一个个me better
，BIC
，甚至FIC
，作为一个中国医药人我是发自内心的自豪和开心的
。不管是康方生物
，亚盛医药这样的Biotech还是百济神州这样的Biopharma中国生物医药力量的发展速度远远超出了那个当年在家里选专业的我的预想
。
话说回来
，其实
，对我而言
，能够和我爱的人和爱我的人永远在一起就是我最大的快乐了
。如果世界上从此再无病痛
，人人可以长寿而无病痛
，其实我学的这些都变成没用的知识又怎样呢
。但是我知道离这一天还非常远
，所以每一款新药的上市
，每一次生存期的突破都是非常值得高兴的
，每一位医药工作者的努力也都是有意义的
。中国还需要更多的百济神州
，康方生物
，亚盛医药等企业
。
说回到投资
，其实很早前就有去金融行业从业的机会
，但是我还是有点不甘心
，所以我也还没放弃研发转化
，还没放弃去做更好更有意义的药物
，虽然我们合作的药物其实算是海内外都有上市的了
，但是毕竟不是我自己从头做的
，参与感还是差了一些
，也是希望我会有成功的一天吧
，至少这两年投资应该还是只能作为顺带的事来进行
。但是也是很高兴在投资的过程中让更多人了解到了我们的中国生物医药力量
，了解到生物医药的进步发展和可能的未来
，了解到康方生物
，亚盛医药等企业有多难得
。
最后还是祝大家新年快乐
，巳巳如意
，新的一年不管账户是红是绿
，健康每一天
，开心每一天
，享受每一天
。有机会再和大家多聊聊
，谢谢大家了
。@雪球创作者中心#雪球星计划#$康方生物(09926)$$亚盛医药(AAPG)$#2025春节见闻#@今日话题"
320770689,2025-01-16 22:18,107,109,4,1/3,https://xueqiu.com/2693678800/320770689,简单聊聊今天几个信息吧，第一个贝伐等药物集采，这个对老牌仿制药企业肯定是大利空，生物类似药其实在很多企业现金流里占比很大，集采后对现金流会重创，很多企业的毛利率都会因此下降不少，现金流个更是会变差很多。但是对康方生物这种反而是利好，一个是腾笼换鸟省资金，再一个就是销售会容易一...,"业广惟勤
：简析生物类似药集采和康方生物SF Healthcare Week信息
来自TfR1lyxxx快乐鼠鼠的雪球专栏
来源
：雪球App
，作者
： TfR1lyxxx快乐鼠鼠
，
（https://xueqiu.com/2693678800/320770689
）
简单聊聊今天几个信息吧
，第一个贝伐等药物集采
，这个对老牌仿制药企业肯定是大利空
，生物类似药其实在很多企业现金流里占比很大
，集采后对现金流会重创
，很多企业的毛利率都会因此下降不少
，现金流个更是会变差很多
。但是对康方生物这种反而是利好
，一个是腾笼换鸟省资金
，再一个就是销售会容易一点
，也许还能挖到不少原来类似药的销售
，可以扩充销售团队补充力量
。
第二个则是康方生物SF Healthcare Week的采访
，在前两天其实就可以看到
，这里也有几个我比较关注的小点
：
首先是对AK112的数据仅仅只有国内数据的问题
，夏总表示了对国内数据的标准的信心
，同时也说了
，AK112的早期数据实际上是从澳大利亚的招募开始的
，其实这两年国内数据的质量已经越来越高了
，而且112这种要出海的药物国内数据的质量更是慎之又慎
，不然FDA也不会同意桥接HARMONi-A那么多的人数到global的HARMONi当中了
，可见FDA对康方生物的数据还是比较认可的
。
其次是对于AK104临床开展的信心
，首先夏总说了康方生物会在今年开展AK104的global三期临床
，其次在谈到中国Biotech未来的出海模式上
，夏总也说了
，license out会越来越少
，但是离独立出海还有一些距离
，collaboration合作开发的模式会是很好的加速
，所以正如之前所想的那样
，目前最适合AK104的出海方式就是合作开发
，如果今年就开global三期临床的话
，那很快就能知道合作的另一方是谁了
。
至于JPM会议
，其实信息也不会太多
，而且公开也只能谈论公开的信息
，但是我对1V1环节比较感兴趣
，但是这种信息也确实是没法拿出来讲的
。
总而言之
，对于康方生物AK104今年能够在海外有一定进展是在我预期内的
，但是还是很期待适应症的选择
，以及合作伙伴的选择
，同时结合SMMT的发言
，AK112如果明年就能在美国实现商业化
，虽然也是预期内
，但是还是非常值得期待的
。本文仅作分享交流
，不构成投资建议
。本文部分内容出自康方生物SF Healthcare Week的采访
，如有侵权请联系删除
。风险提示
：本文所提到的观点仅代表个人的意见
，所涉及标的不作推荐
，据此买卖
，风险自负
。谢谢大家了
。$康方生物(09926)$$Summit Therapeutics(SMMT)$@雪球创作者中心#雪球星计划#"
320493103,2025-01-14 20:56,136,147,5,1/3,https://xueqiu.com/2693678800/320493103,简单聊聊SMMT在J.P. Morgan Healthcare Conference聊到的一些信息，SMMT主要还是围绕112展开的，之后康方生物估计会就AK112和AK112之外的AK104和AK117再给出一些信息，到时候再看。SMMT给出的900亿美元的市场预期也确实差不多，给出这个预期也可以看出SMMT的志向之远大，信心之强大，这里具体说几...,"功崇惟志
：简析SMMT J.P. Morgan Healthcare Conference信息
来自TfR1lyxxx快乐鼠鼠的雪球专栏
来源
：雪球App
，作者
： TfR1lyxxx快乐鼠鼠
，
（https://xueqiu.com/2693678800/320493103
）
简单聊聊SMMT在J.P. Morgan Healthcare Conference聊到的一些信息
，SMMT主要还是围绕112展开的
，之后康方生物估计会就AK112和AK112之外的AK104和AK117再给出一些信息
，到时候再看
。SMMT给出的900亿美元的市场预期也确实差不多
，给出这个预期也可以看出SMMT的志向之远大
，信心之强大
，这里具体说几个我感兴趣的点吧
。
第一就是HARMONi或者HARMONi-A预计将在 2025 年年中从 HARMONi 试验中获得顶线数据
，这将为SMMT和康方生物快速进入市场提供条件
，SMMT希望能在今年年底前向美国提交 BLA
（生物制剂许可申请
）
。康方生物的 HARMONi-A 研究已经在中国获得了监管批准
。主要区别在于
，Global 临床要求患者在 III 代 EGFR TKI 治疗后出现进展
，而 HARMONi-A 的 85% 患者接受过 III 代 TKI
。此外
，HARMONi-A 研究以 PFS 为主要终点
，而 HARMONi 研究具有双重主要终点
，即 PFS 和 OS
。至于商业化计划
，SMMT已经在美国启动了相关准备工作
，很快也会展开欧洲和日本的规划
。由于后线治疗PFS就可以让FDA给出一定认可
，这个后线适应症最快明年就能卖了
，如果SMMT在组建自己的商业化团队
，那么很有可能短时间不会卖身
，我认为在当前情况下这甚至是一件有很多好处的事情
。
这里正好引出第二点
，SMMT计划在短期内将 ivonescimab 的临床开发扩展到晚期非小细胞肺癌以外的领域
。同时会参考康方生物在中国开展的几项 II 期研究的一些数据
：
在围手术期或早期非小细胞肺癌中
（适合手术和系统性治疗
）
，病理反应率和 12 个月无事件生存率均超越现有标准
。在微卫星稳定
（MSS
）转移性结直肠癌中
，AK112 联合化疗的结果再次超越了贝伐联合化疗的历史数据
。在 PD-L1 阳性的复发转移性头颈癌中
，与 康方生物 的 CD47 药物AK117联合的化疗无方案超过了现有的 PD-1 单药历史数据
。在晚期三阴性乳腺癌
（TNBC
）中
，AK112 在 PD-L1 低或阴性患者中显示了极具前景的效果
，这是现有 PD-1 疗法未能覆盖的领域
。
没错SMMT未来应该会比较快的开更多的三期临床
，而康方生物临床的数据和方案将成为他们重要的参考
，这其中蕴含着巨大的好处
，如果AK117能够借此出海真是受益极大
。接下来就期待康方生物的信息释放吧
。本文仅作学术分享交流
，不构成投资建议
。本文部分内容出自SMMT在J.P. Morgan Healthcare Conference发布信息
，如有侵权请联系删除
。风险提示
：本文所提到的观点仅代表个人的意见
，所涉及标的不作推荐
，据此买卖
，风险自负
。谢谢大家了
。$康方生物(09926)$$Summit Therapeutics(SMMT)$@雪球创作者中心#雪球星计划#"
318033776,2024-12-25 01:18,170,308,2,1/3,https://xueqiu.com/2693678800/318033776,今天这两天有人问我一线和后线治疗的区别，实在比较忙，就简单讲一下一线和后线治疗的区别，首先肯定是有区别的，但是一线接受什么治疗对后线影响也很大，比如说一线用了ICI后线用ICI效果就未必有ADC好，但是如果一线是ADC那么同样的单靶点ADC，TCE等效果效果也有可能会比较差，耐药的机制就是这样...,"行稳致远
，久久为功
：康方生物AK104在PD经治后线治疗中的潜力
来自TfR1lyxxx快乐鼠鼠的雪球专栏
来源
：雪球App
，作者
： TfR1lyxxx快乐鼠鼠
，
（https://xueqiu.com/2693678800/318033776
）
今天这两天有人问我一线和后线治疗的区别
，实在比较忙
，就简单讲一下一线和后线治疗的区别
，首先肯定是有区别的
，但是一线接受什么治疗对后线影响也很大
，比如说一线用了ICI后线用ICI效果就未必有ADC好
，但是如果一线是ADC那么同样的单靶点ADC
，TCE等效果效果也有可能会比较差
，耐药的机制就是这样的
，不过单药耐药很多时候联用个其他的就好了
，其实有很多例子
。
以康方生物的AK109-201研究为例
，该研究探索了卡度尼利单抗
（抗PD-1/CTLA-4双抗
）联合普洛西单抗
（抗VEGFR2单抗
）和紫杉醇在免疫联合化疗失败的晚期胃或胃食管交界处腺癌患者中的二线治疗潜力
。研究分为两个阶段
：安全导入阶段
（包括队列A
、B和C
，每组n = 6
）和随机双盲II期扩展阶段
。在安全导入阶段
，患者接受以下三种方案之一
：普洛西单抗10 mg/kg
（第1天和第15天
）联合紫杉醇80 mg/m²
（第1
、8和15天
）
（队列A
）
；卡度尼利单抗10 mg/kg联合普洛西单抗10 mg/kg
（第1天和第15天
）
（队列B
）
；或卡度尼利单抗10 mg/kg联合普洛西单抗10 mg/kg和紫杉醇150 mg/m²
（Q3W
）
（队列C
）
。扩展阶段
，患者被1:1随机分配至卡度尼利单抗联合普洛西单抗和紫杉醇组
（研究组
）或安慰剂联合普洛西单抗和紫杉醇组
（对照组
）
。
主要研究终点为安全性和客观缓解率
（ORR
）
，次要终点包括无进展生存期
（PFS
）
、总生存期
（OS
）
、疾病控制率
（DCR
）
、缓解持续时间
（DoR
）以及药代动力学/药效学
（PK/PD
）
。在基线后至少接受过一次肿瘤评估的53名患者中
，双抗研究组的ORR达到48.0%
（12/25
）
，对照组为39.3%
（11/28
）
，其中双抗研究组有1例患者实现完全缓解
（CR
）
。双抗研究组的DCR为96.0%
（24/25
）
，对照组为92.9%
（26/28
）
。双抗研究组中位PFS为6.8个月
（95% CI 4.1-8.3
）
，对照组为5.5个月
（95% CI 3.9-8.3
）
。中位DoR分别为5.5个月
（95% CI 2.8-NE
）和4.2个月
（95% CI 2.8-NE
）
。此外
，双抗研究组的中位OS达到12.9个月
（95% CI 7.5-NE
）
，显著优于对照组的8.9个月
（95% CI 6.2-10.8
）
，12个月OS率分别为57.1%和26.1%
，也有显著提升
。
这些结果表明
，卡度尼利单抗联合普洛西单抗和紫杉醇在免疫联合化疗失败的晚期胃或胃食管交界处腺癌患者的二线治疗中具有良好的疗效和安全性
，特别是在提高ORR
、延长PFS和OS方面表现突出
。这一研究结果展现了卡度尼利单抗的后线治疗潜力
，值得进一步深入研究和临床验证
。
再举一个例子ESMO 2024公布的康方生物卡度尼利单抗联合化疗用于抗PD-1耐药的复发或转移性鼻咽癌的治疗
，客观缓解率
（ORR
）为68%
，其中12%的患者完全缓解
，56%的患者部分缓解
， 中位缓解持续时间
（DoR
）为9.1个月
（95% CI
，3.8 - 14.5个月
）
，中位无进展生存期
（PFS
）为10.6个月
（95% CI
，5.2 - 16.1个月
）
，总生存期
（OS
）尚未达到
，表明治疗可能具有长期生存获益
。
在这些临床中康方生物AK104在PD免疫治疗失败后线治疗的作用还是比较明显的
，就算单药效果一般
，能联用效果好一样很有价值
，就比如一直有人持有的观点
，即K+化才是金标准一样
。目前看我认为AK104还是不错的
，值得期待
。
之后有可能我会对AK104或者康方生物其他药物的PD耐药后治疗再去进行更详细的分析
，但是现在确实比较忙
，就只写这么多了
。本文仅作学术交流分享
，不构成投资建议
。本文部分数据出自康方生物官网
，2024ASCO
，2024ESMO
，如有侵权请联系删除
。风险提示
：本文所提到的观点仅代表个人的意见
，所涉及标的不作推荐
，据此买卖
，风险自负
。谢谢大家了
。@雪球创作者中心#雪球星计划#$康方生物(09926)$"
317303280,2024-12-18 20:16,179,231,11,1/3,https://xueqiu.com/2693678800/317303280,最近有很多人问我面对这么多的追赶者，这么多的Fast？Follower，康方生物AK112的优势在哪里？正好有一篇我一直认为大家都该阅读下的文章“First-in-class versus best-in-class: an update for new market dynamics.”中有大概的对这个问题的一种分析的角度，那么我就借这篇文章对康方生物AK112在P...,"百舸争流
，奋楫者先
：从FIC和BIC市场分析看康方生物AK112在PD/VEGF双抗领域的优势
来自TfR1lyxxx快乐鼠鼠的雪球专栏
来源
：雪球App
，作者
： TfR1lyxxx快乐鼠鼠
，
（https://xueqiu.com/2693678800/317303280
）
最近有很多人问我面对这么多的追赶者
，这么多的Fast
？Follower
，康方生物AK112的优势在哪里
？正好有一篇我一直认为大家都该阅读下的文章
“First-in-class versus best-in-class: an update for new market dynamics.
”中有大概的对这个问题的一种分析的角度
，那么我就借这篇文章对康方生物AK112在PD/VEGF双抗领域的优势
，以及一些可能的中国或者其他世界各地的FIC和BIC药物的商业化前景进行一定的可能性的讨论
，本文中一些基础术语如FIC等如果不懂可以看我的另一篇文章
“拨云见日
，云开雾散
：简析FIC
，BIC
，me-too
，me-better
，me-too
，me-worse
，fast-follow等定义
”
，网页链接，有更为详细的介绍和分析
。
2013年
，Boston Consulting Group的一项研究总结了1990年至2010年间新药上市的情况
，发现尽管FIC先发优势普遍存在
，但在治疗上被认为是
“同类最佳(BIC)
”的
“快速跟随者(Fast Follower)
”
（上市时间在FIC后的两年内
）仍能占据显著市场份额
。然而
，自这项研究完成以来
，生物制药领域发生了显著变化
：同类机制的竞争愈发激烈
，治疗模式不断增多
，新政策的引入也对市场产生了影响
，包括加速审批通道的应用
、更严格的市场准入控制以及定价改革
。在这一背景下
，分析上市顺序
、治疗优势与商业成功之间的关系是否发生了变化
，以及这些变化对公司在新产品定位时意味着什么
。
研究分析了2010年后首创的29类具有新机制的药物
，总计涵盖104款产品
。为了复现之前分析的方法
，研究选择了具有创新性
、竞争性且市场规模较大的类别
。同时
，研究排除了那些因市场动态异常而难以进行竞争性分析的类别
。对于所选类别
，研究针对每款产品评估了以下三个指标
：
上市顺序
：根据FDA首次批准的日期确定
；
治疗优势
：采用3分制评估
（1分为最差
，3分为最佳
）
，主要比较疗效
、安全性和给药方式
；
商业成功
：基于全球销售额的现值进行评估
，时间范围包括历史数据和2028年前的共识预测
，以2021年作为现值基准年
，并对过去和未来的销售额采用10%的折现率
。
根据研究的分析
，首发产品
（FIC
）的表现优势正变得越来越明显
，且FIC产品相较于第二个上市的产品
，其优势显著提升
。如图所示
，这是一张十二格矩阵图
，展示了基于现值的平均市场份额占比
，并对比了首发且同类最佳产品所捕获的市场价值
，与2013年的分析方法一致
。从数据中可以看出
，虽然是明确的同类最佳产品
，但第二个上市的产品仅能捕获首发且同类最佳产品价值的38%
。相比之下
，首发但治疗优势得分为中等的产品能捕获相当于首发且同类最佳产品价值的82%
，是第二个上市且同类最佳产品的两倍以上
。即使是治疗优势得分最低的首发产品
，也能捕获首发且同类最佳产品价值的54%
，相比之前的分析提高了14%
。
然而
，这项分析也表明
，第三个及之后进入市场的产品所捕获的价值较以往有所增加
。例如
，同类最佳但第三个上市的产品表现相对更加成功
，捕获的价值比之前的分析高出14%
。这些后来居上的产品往往具有显著的治疗优势
，不仅能争取市场份额
，还能扩大可覆盖的市场范围
。
图片来源
：Spring L, Demuren K, Ringel M, Wu J. First-in-class versus best-in-class: an update for new market dynamics. Nat Rev Drug Discov. 2023;22(7):531-532. doi:10.1038/d41573-023-00048-2
接着通过将药物分为肿瘤药物和非肿瘤药物再分析
：
肿瘤学领域更加偏向于首发产品
（FIC
）
。在过去十年间
，肿瘤治疗选择显著增加
。研究分析显示
，只要具备至少中等治疗优势得分
，肿瘤学领域的首发产品就具有显著的领先优势
。在许多类别中
，首发产品因相较于后续产品的较长领先时间而受益
（例如 伊布替尼
（Imbruvica
；强生/艾伯维
）比竞争对手早近4年上市
）
，或通过时间积累展现出卓越的治疗价值
，成功抵御了快速跟随者
（例如帕博利珠单抗
（K药
；Keytruda
；默沙东
）与纳武利尤单抗
（O药
；Opdivo
；百时美施贵宝
）之间的竞争
）
。
相比之下
，在肿瘤学以外的领域
，后续进入者更有能力捕获市场价值
，尤其是在患者通常需要多次治疗的疾病中
，如偏头痛
、牛皮癣以及其他炎症驱动的疾病
。在这些领域中
，产品间的显著差异通常较难体现
，且单一产品不太可能主导市场
。因此
，推出此类产品的公司需要考虑疗效和上市时机之外的其他潜在差异化因素
，例如推广策略或如何获得更具优势的市场准入
。
图片来源
：Spring L, Demuren K, Ringel M, Wu J. First-in-class versus best-in-class: an update for new market dynamics. Nat Rev Drug Discov. 2023;22(7):531-532. doi:10.1038/d41573-023-00048-2
后续进入者在实现商业成功方面面临战略挑战
。研究的分析表明
，这些产品可以通过以下一种或多种方法实现显著的商业价值
：
在短时间内以最佳产品形象或显著优于首发产品的治疗优势上市
：大多数同类最佳的第二个或后续进入者
，如果能够至少在类别中超越任何竞争对手
，其上市时间通常在首发产品后的两年内
。然而
，有时后续产品在疗效
、安全性或给药方式上具有显著的优势
，足以撼动已确立的市场领导者
。例如
，治疗失眠的双受体氧化素拮抗剂达利多瑞克森
（Quviviq
；Idorsia
）
，因其白天嗜睡副作用显著减少而取得成功
。
通过更有价值的适应症/子适应症扩展可及市场
：进入新市场使后续进入者能够成为这些领域的首发产品
。例如
，第三个上市的SGLT2抑制剂恩格列净
（Jardiance
；勃林格殷格翰/礼来
）被证明即使在非2型糖尿病患者中也能降低心力衰竭风险
，亦如亚盛医药的APG-2575可能可以在V药难以成药的适应症取得不错的效果
。
采用具有改进产品特性的替代模式
：例如
，后期上市的CD19嵌合抗原受体T细胞
（CAR-T
）疗法Brexucabtagene Autoleucel
（Tecartus
；吉利德
）成功取代了用于急性淋巴细胞白血病的CD19 × CD3双特异性抗体Blinatumomab
（Blincyto
；安进
）
。
后续进入者还可以通过创新的市场准入策略竞争
，或通过改进的剂量或给药方式提升疗效或增加便利性
。
本次分析表明
，与之前的分析相比
，速度更为重要
。这一点在以下情况下尤为突出
：肿瘤领域
、涉及多个适应症的类别
、有可能显著改善现有治疗标准的类别
、其他产品可能在相近时间内上市的类别
对于考虑如何进入已建立市场的公司来说
，仍有一系列可供选择的战略选项
：寻求在市场对其产品更有利的替代适应症
；建立具有关键差异化的产品形象
；在可能的情况下
，在首发产品上市后两年内推出
。当然追赶者的这些策略的实施难度不小
，但了解这些场景对于制定产品组合优先级
、加快开发进程或判断需要额外商业投入的领域可能具有重要意义
。
那么看到这里想必大家心里也都有了自己的答案
，康方生物的AK112属于PD/VEGF双抗领域的FIC且也拥有BIC潜力
，一定程度上也属于免疫治疗可能的BIC
，就看从什么角度去分析了
，但是不管怎样
，至少康方生物和SMMT的速度在PD/VEGF双抗领域大概率是最快的
，FIC的优势也大概率会很明显
。说一些题外话
，最近到年底了
，也没太多时间写东西看票看雪球
，原本可能因为太忙12月不会再有长文更新了
，但是今天想写了且正好等一个东西等了一会有点空闲
，就写了这一篇
。本文仅作学术分享交流
，不构成投资建议
，本文部分内容出自Spring L, Demuren K, Ringel M, Wu J. First-in-class versus best-in-class: an update for new market dynamics. Nat Rev Drug Discov. 2023;22(7):531-532. doi:10.1038/d41573-023-00048-2
，如有侵权
，请联系删除
。风险提示
：本文所提到的观点仅代表个人的意见
，所涉及标的不作推荐
，据此买卖
，风险自负
。谢谢大家了
。@雪球创作者中心#雪球星计划#$康方生物(09926)$$亚盛医药-B(06855)$"
311852142,2024-11-08 16:18,152,271,16,2/3,https://xueqiu.com/2693678800/311852142,康方生物在11月6日-10日在美国休斯敦召开的2024年肿瘤免疫治疗学会年会（SITC 2024）上，首次对外发布了其独立自主研发的双特异性抗体新药Claudin18.2(CLDN18.2)/CD47双特异性抗体AK132的药物机制研究成果。与AK104和AK112等康方生物已经上市的双抗药物不同，AK132是一种“1+1”价态的不对称双特异...,"乘风破浪
：康方生物从AK117到AK132的进化
来自TfR1lyxxx快乐鼠鼠的雪球专栏
来源
：雪球App
，作者
： TfR1lyxxx快乐鼠鼠
，
（https://xueqiu.com/2693678800/311852142
）
康方生物在11月6日-10日在美国休斯敦召开的2024年肿瘤免疫治疗学会年会
（SITC 2024
）上
，首次对外发布了其独立自主研发的双特异性抗体新药Claudin18.2(CLDN18.2)/CD47双特异性抗体AK132的药物机制研究成果
。与AK104和AK112等康方生物已经上市的双抗药物不同
，AK132是一种
“1+1
”价态的不对称双特异性抗体
，可同时靶向和阻断CLDN18.2和CD47
，并具有野生型IgG1 Fc结构
，目前已进入临床研究阶段
。这一信息具有重要意义
。
第一靶向CD47的抗体一直有着诱导红细胞凝集也就是血凝的副作用
，在AK117的设计中
，通过了其构象变化
，使其不太可能同时结合两个细胞
，而早期CD47的抗体的Y形构象与较大间距之间结合的两个CD47蛋白更有可能让在两个不同的细胞上结合CD47
，从而导致红细胞凝集
。此外实验数据表明
，AK117引起的血红蛋白减少是暂时性的
，能够自行恢复
。这一点在我之前的文章
“历经风浪的CD47
：AK117的优势究竟在哪里
？
”网页链接 中有详细介绍
。而AK132的1+1的双抗结构则进一步避免了抗体结合两个红细胞从而引起血凝
，进一步降低了副作用
。
图片来源
：Tailong Qu et al. J Immunother Cancer 2022;10:e005517
而新的1+1体且保留了ADCC等Fc功能的双特异性抗的平台
，则是另一大重要信息
，关于康方生物之前2+2 Fc功能沉默的双特异性抗体平台
，我已经有过几篇文章介绍
“为什么是康方生物的双抗
？免疫治疗
：从单靶点单抗到联合治疗再到双抗
”网页链接，和
“免疫检查点抑制剂抗体药物IgG类型的选择
——康方生物不一样的答案
”网页链接感兴趣的可以去看看
。这里想说的是
，AK132是康方生物所开发的另一平台
，康方生物的平台也在不断进步不断更新
，这是非常重要的
，只有能够成平台源源不断的产生药物
，创新药企业才能拥有可持续发展的竞争力
。关于平台的优势和意义
，可以看我之前的这篇文章
“浅谈康方生物的一个难得之处
”网页链接 有较为详细的阐述
。
至于AK132中靶向Claudin18.2(CLDN18.2)的部分
，则是另一个重要信息
，CLDN18.2高表达于多种肿瘤
，如消化道肿瘤
，胰腺肿瘤
，卵巢肿瘤等
，是一个非常广谱且有着很好潜力的靶点
。总所周知康方生物AK104在消化道肿瘤中效果相当不错
，AK132靶向Claudin18.2(CLDN18.2)的部分可以起到很好的和AK104或AK112协同的作用
，而AK132中靶向CD47的部分更不必多说
，作用上AK117阻断CD47-SIRPα相互作用可以有效促进巨噬细胞等吞噬细胞对肿瘤细胞的吞噬
，并通过抗原呈递细胞将肿瘤抗原处理并交叉呈递给T细胞
，从而激活适应性免疫反应
。此外
，阻断CD47还可以促进其他免疫细胞向肿瘤部位的募集
，以协同增强先天性和适应性免疫反应
，CD47阻断还通过树突状细胞触发T细胞反应
，激活适应性免疫系统
，从而协同AK104和AK112更好的发挥作用
。同时AK132结合AK104/AK112有着去化疗的潜力
，血管正常化治疗+特异性免疫ICI+非特异性ICI+特异性靶向肿瘤抗原
，还是很值得期待的
。
同时Claudin18.2(CLDN18.2)和CD47又因为各自本身的在内源健康组织细胞中的表达
，有着容易引起对内源健康组织细胞杀伤的副作用
，所以这个时候双抗的优势就体现出来了
，双抗可以同时结合两个抗原
，大大增加了对肿瘤细胞的靶向性
，有着低毒高效的优势
，减少了单独Claudin18.2(CLDN18.2)或CD47抗体对内源健康组织细胞杀伤的副作用
，这一点在后续的临床数据中也十分值得期待
。
最后也是很高兴看到康方生物的AK132药物
，这标志着康方生物在靶向CD47的药物AK117的基础上再进了一步
，也标志着康方生物新的平台的产生
，非常期待这一药物后续的临床数据
。本文仅作学术交流分享
，不构成投资建议
。本文部分内容引自
“Tailong Qu et al. J Immunother Cancer 2022;10:e005517
”
，如有侵权
，请联系删除
。风险提示
：本文所提到的观点仅代表个人的意见
，所涉及标的不作推荐
，据此买卖
，风险自负
。谢谢大家了
。$康方生物(09926)$@雪球创作者中心#雪球星计划#"
310769470,2024-11-01 18:18,120,364,7,2/3,https://xueqiu.com/2693678800/310769470,这两天比较忙，现在有空，写一下HARMONi-3的扩展，这个还是比较重要的。SMMT的这波操作还是有很多值得分析的点的，值得关注。先看看SMMT是怎么在更新信息中描述的，Summit Therapeutics近期宣布将大幅扩展其正在进行的HARMONi-3研究计划，纳入非鳞状非小细胞肺癌（NSCLC）患者，以进一步扩大...,"九万里风鹏正举
，风休住
，蓬舟吹取三山去
：简析康方生物/SMMT HARMONi-3扩展
来自TfR1lyxxx快乐鼠鼠的雪球专栏
来源
：雪球App
，作者
： TfR1lyxxx快乐鼠鼠
，
（https://xueqiu.com/2693678800/310769470
）
这两天比较忙
，现在有空
，写一下HARMONi-3的扩展
，这个还是比较重要的
。SMMT的这波操作还是有很多值得分析的点的
，值得关注
。
先看看SMMT是怎么在更新信息中描述的
，Summit Therapeutics近期宣布将大幅扩展其正在进行的HARMONi-3研究计划
，纳入非鳞状非小细胞肺癌
（NSCLC
）患者
，以进一步扩大三期临床试验覆盖市场
。该研究的主要终点已更新为无进展生存期
（PFS
）和总生存期
（OS
）
，计划招募约1080名患者
。此次扩展旨在更全面地覆盖无驱动基因突变的转移性NSCLC患者人群
，以满足更广泛的临床需求
。
那么该如何看待这次扩展
，首先要看当初为什么要开鳞癌的临床
，其实这个我之前有大概写过
，
“从AK112看康方生物对目前的免疫治疗联合血管正常化治疗的未满足领域的补充和基石药物的迭代
”网页链接
，
“补充一下为什么说AK112满足了之前未被满足的免疫治疗+血管正常化治疗的需求
。
”网页链接
，感兴趣的可以看看
。简单来说
，鳞癌一直缺少着抗血管血管正常化治疗的药物
，康方生物的AK112可以说完美的填补了这一空白
，实现了差异化
，相对来说更容易取得成功
。这一点从2期临床的数据其实也可以稍微看出来一点
。在2期数据的OS曲线中
，鳞癌基本都是在非鳞癌之上的
。三期单药的数据也是可以看到的
，鳞癌的PFS的HR也是好于非鳞癌的
。那么在这种情况下为什么SMMT会开出这样的临床呢
？很明显是信心
，不管是单药头对头的数据还是AK112-201这一二期临床的数据
，肯定是数据给了SMMT和康方生物足够的信心
。这里不做太多推测
，临床设计肯定都是数据指导设计的
。这也是国内先开临床的好处
，这种国内临床数据指导国外大三期临床设计是一种康方生物和SMMT的双赢
。
图片来源
：康方生物WCLC Phase 3 Study of Ivonescimab (AK112) vs. Pembrolizumab as First-line Treatment for PD-L1 positive Advanced NSCLC: HARMONi-2
那么这样扩展的好处在哪呢
？首先就是适应症的扩展
，非鳞癌的人数比鳞癌多得多
，至少多一倍
，这样直接并进来省去了重新走流程的时间
，只需要做完HARMONi-3就可以拿下之前3倍人数的适应症
。其次是双终点的设计
，增加了PFS这一终点
，或许可以帮助SMMT更好的和FDA沟通
，或许可以取得类似快速审批之类的更快的上市的效果
。至于有人说入组会变慢一点
，这是肯定的
，毕竟鳞癌已经入了一些了
，但是非鳞癌的患者很多
，入起来会比鳞癌快一些
，而且PFS和OS的双终点相较于OS的单终点
，一定程度上也可以加快数据读出速度和药品上市速度
。
最后写一点
，这次HARMONi-3临床的扩展肯定是SMMT在现有数据的指导下的设计
，体现出了SMMT和康方生物对AK112的信心
，同时这种基于国内临床数据指导的global临床设计也是很明显的一次双赢
。对于SMMT来说唯一需要解决的问题就是融资
，不过以杜根的水平和地位
，其实也不算什么大问题
。对于康方生物来说一方面进行更多的国内的三期临床
，可以在未来为global临床提供更多指导
，另一方面康方生物可以尝试借助和AK112的联用将AK117等药物推出海外
，走向世界
。本文仅作学术交流分享
，不构成投资建议
。本文部分内容出自康方生物WCLC Phase 3 Study of Ivonescimab (AK112) vs. Pembrolizumab as First-line Treatment for PD-L1 positive Advanced NSCLC: HARMONi-2
，如有侵权请联系删除
。风险提示
：本文所提到的观点仅代表个人的意见
，所涉及标的不作推荐
，据此买卖
，风险自负
。谢谢大家了
。也希望可以和大家多多交流讨论
，互相学习
。$康方生物(09926)$$Summit Therapeutics(SMMT)$@雪球创作者中心#雪球星计划#"
309763091,2024-10-27 18:58,163,166,17,2/3,https://xueqiu.com/2693678800/309763091,最近由于恒瑞医药港股上市出海风波，再加上新锐的Biotech如康方生物，亚盛医药，科伦博泰包括Biopharma如百济神州，信达生物等出海频繁。且医保大概率更加支持更创新的药物，看到了大家不少对药物类别（class）的讨论，感觉很多人还是区分不开FIC，BIC，me-too，me-better，me-worse和fast-follow...,"拨云见日
，云开雾散
：简析FIC
，BIC
，me-too
，me-better
，me-too
，me-worse
，fast-follow等定义
来自TfR1lyxxx快乐鼠鼠的雪球专栏
来源
：雪球App
，作者
： TfR1lyxxx快乐鼠鼠
，
（https://xueqiu.com/2693678800/309763091
）
最近由于恒瑞医药港股上市出海风波
，再加上新锐的Biotech如康方生物
，亚盛医药
，科伦博泰包括Biopharma如百济神州
，信达生物等出海频繁
。且医保大概率更加支持更创新的药物
，看到了大家不少对药物类别
（class
）的讨论
，感觉很多人还是区分不开FIC
，BIC
，me-too
，me-better
，me-worse和fast-follow等的区别
，简单写点
，和大家分享交流
。
一
、FIC药物
（First-in-Class
）
FIC药物在所有类别中创新性最高
，通常是首个针对某一新靶点
、机制或疾病途径的药物
。FIC药物开创了一类新的疗法或生物靶点
。
有着时间和资源投入大
：需要较长的研发周期
，投资和风险较高的研发特点
，因为它开辟了新领域
，缺少临床数据支持
。常需获得监管机构的突破性批准
，可能获得优先审评
、孤儿药资格等
，以鼓励新靶点的研究
。由于是首个进入市场的药物
，FIC通常具备定价优势和先发市场优势
，可实现较高市场份额和品牌认可
。FIC药物一般会为fast-follow
（me-too药物等
）药物提供参考
。因此FIC药物往往会吸引竞争对手开发结构相似或优化的药物
，如fast-follow
（me-too药物等
）
。在国内像是康方生物和宜明昂科的CD47靶点药物都属于有可能成为FIC药物的候选药物
。
二
、BIC药物
（Best-in-Class
）
BIC药物在FIC药物基础上实现了临床疗效
、安全性或给药便利性的改进
，尽管其靶点与FIC相同
，但通过结构改造
、优化剂型
、增强疗效或减少副作用等手段提升药物表现
。
相比FIC药物
，BIC药物的开发具有一定的数据和临床支持
，风险相对较低
，但也需证明其在疗效
、安全性等方面的独特改进
。主要进行的是优化研发
，BIC药物一定程度上就是me-better药物中最强的那一个
。BIC药物通常直接对比FIC药物
，并尝试取代或超越FIC的临床地位
。通过表现出更优的疗效或安全性
，BIC药物可定价更高
，吸引对治疗效果要求较高的患者和医生
。
三
、me-too药物
创新性低
，属于FIC药物的类似物
，通常靶向相同的生物通路和疾病机理
，但在结构等上稍有不同
。
由于已经有FIC药物作为参考
，me-too药物可以快速进入市场
，研发成本和风险较低
。me-too药物的改进多为小幅度优化
，通常不影响药物的整体作用机制
，改进较为有限
。me-too药物往往以较低的价格进入市场
，吸引对成本敏感的患者
，属于
“市场共享
”策略
。me-too药物若通过进一步改进达到显著临床优势
，就为me-better药物
。me-too药物很多时候就是基于fast-follow策略产生的药物
，即在FIC上市后迅速跟进研发并快速上市
。国内市场上大部分药物即为me-too药物
，如当年四小龙恒瑞医药
，百济神州
，信达生物
，君实生物等的大量的PD-1
，基本均为me-too药物
，不过也有少数在部分适应症取得了me-better的效果
。
四
、me-better药物
如果将me-better和BIC药物区分开来
，me-better则是介于me-too和BIC之间
，me-better药物在现有药物的基础上实现了一定改进
，但并未达到
“同类最佳
”水准
。
me-better药物通过改进现有药物的结构优化
，剂型优化
、给药频次或副作用管理
，增加患者用药的便利性
。me-better药物往往专注于解决FIC或me-too药物的缺陷
，使其在特定患者群体中更具优势
。很多me-better药物同时也是fast-follow策略产生的药物
，基于FIC药物的成功迅速进入市场
。其实像百济神州的泽布替尼其实就算me-better药物或者说一定程度上的BIC药物
。
五
、me-worse药物
me-worse药物基本没有创新
，属于失败或临床表现不如FIC和me-too的药物
。
me-worse药物通常未能在临床上展示足够疗效或安全性
。若上市
，往往处于价格低廉的市场
，并难以维持市场份额
。me-worse药物在竞争中通常失利
，甚至可能不会通过审批
，若上市多定位于低端市场
。许多me-worse药物最初开发为me-too药物
，但因疗效
、安全性不佳而在竞争中落败
。me-worse药物的低临床价值和市场需求
，导致其很容易通常被me-too
、me-better等替代
。其实本来这种药物不应该有生存空间的
，但是在我国早期缺药的条件下
，一部分低端市场确实还存在一些me worse的药物
，这里就不点名了
。
六
、fast-follow策略
fast-follow药物的创新性通常中等
，通过借鉴FIC药物的成功经验迅速进入市场
。
借助已有FIC药物的数据和市场反馈
，fast-follow药物在较短时间内获得审批
，抢占市场
。fast-follow药物中部分在疗效或耐受性方面稍作优化
，以增加吸引力
。通过快速跟进策略
，fast-follow药物争取在FIC药物尚未完全占据市场时进入
，以增加市场竞争力
。当然fast-follow策略产生的药物上下限可以说是云泥之别
，大家都说礼来是fast-follow之王
，是因为礼来fast-follow出来的药物很多都是具有BIC潜力的
，且往往会通过头对头临床来证明自己
，而如果只是fast-follow出来一堆me-too甚至me-worse则价值大大降低
。
总结一下
，目前中国药物发展已经慢慢跨过了缺药的阶段
，如果一家企业还是大量研发me-too
，甚至me-worse的话
，未来的空间将会非常有限
，大概率只能在国内内卷拼销售
。想要出海则必须至少是me-better
，当然BIC和FIC自然更好
。fast-follow本身没有问题
，只是一种策略
，关键是策略下的产物
，不要都是me-too
，me-worse而是要有更多的me-better
，更多的BIC和FIC药物
。在百济神州的BTK和传奇生物的CAR-T疗法的me-better乃至BIC的成功的带领下
，目前中国医药也确实在进步神速
，越来越多的头对头
，越来越多的BIC潜力和FIC潜力的药物在出现
。也是希望中国医药行业可以越来越好
，不管是Biotech新锐
，还是传统Pharma转型
，都可以更多的走向国际
。风险提示
：本文所提到的观点仅代表个人的意见
，所涉及标的不作推荐
，据此买卖
，风险自负
。谢谢大家了
。$康方生物(09926)$$恒瑞医药(SH600276)$$创新药ETF(SZ159992)$@雪球创作者中心#雪球星计划#"
308386749,2024-10-17 11:18,181,264,7,2/3,https://xueqiu.com/2693678800/308386749,正如大家所见，康方生物的PD-1/CTLA-4双特异性抗体开坦尼（卡度尼利单抗注射液）AK104加含铂化疗联合/不联合贝伐珠单抗对比安慰剂加含铂化疗联合/不联合贝伐珠单抗，用于一线治疗持续、复发或转移性宫颈癌的III期临床研究（COMPASSION-16/AK104-303）取得了PFS和OS双阳性结果，尤其是在全人群当中...,"道阻且长
，行则将至
：AK104一线治疗持续
、复发或转移性宫颈癌简析
来自TfR1lyxxx快乐鼠鼠的雪球专栏
来源
：雪球App
，作者
： TfR1lyxxx快乐鼠鼠
，
（https://xueqiu.com/2693678800/308386749
）
正如大家所见
，康方生物的PD-1/CTLA-4双特异性抗体开坦尼
（卡度尼利单抗注射液
）AK104加含铂化疗联合/不联合贝伐珠单抗对比安慰剂加含铂化疗联合/不联合贝伐珠单抗
，用于一线治疗持续
、复发或转移性宫颈癌的III期临床研究
（COMPASSION-16/AK104-303
）取得了PFS和OS双阳性结果
，尤其是在全人群当中
，这是值得庆祝的
，虽然由于仍有部分数据未成熟
，无法完全分析
，但是亮点趋势其实已经可见一番
。
在早些年
，宫颈癌的一线治疗大部分情况下就是贝伐珠单抗+化疗也就是AK104的对照组
，随着免疫治疗的盛行和发展
，阿替利珠单抗和K药也联合或不联合贝伐+化疗成为了新的一线治疗方案
，2021年美国FDA批准帕博利珠单抗联合铂类化疗
（加或不加贝伐珠单抗
）
，用于一线治疗PD⁃L1阳性
（CPS≥1
）
。那么就让我们比较下K药和AK104在这一适应症上的优劣吧
。
首先看一下两者的ITT的PFS和OS数据
，Keynote-826是一项随机
、双盲
、对照的III期研究
，探索
“帕博利珠单抗
（K药
）＋标准化疗±贝伐珠单抗
”vs 
“安慰剂＋标准化疗±贝伐珠单抗
”一线治疗持续性
、复发或转移性宫颈癌的疗效和安全性
。主要终点为
：OS和PFS
。在全人群中
：试验组
（K药
）和对照组的mOS分别为26.4月 vs 16.8月(HR=0.63,P<0.0001)
，2年的OS率分别为52.1% vs 38.7%
，试验组
（K药
）具有显著更优的OS
；两组的mPFS分别为10.4月 vs 8.2月(HR=0.61, P<0.0001)
，1年的PFS率分别为44.7% vs 33.1%
，试验组
（K药
）同样具有显著更优的PFS
。而在COMPASSION-16/AK104-303中全人群中
，卡度尼利
（AK104
）方案中位OS尚未达到
，对照组为22.8个月
（HR 0.64
，P=0.0011
）
，12个月OS率分别为83.1%和73.7%
，24个月OS率分别为62.6%和48.4%
。全人群中
，卡度尼利
（AK104
）方案的中位PFS为12.7个月
，对照组为8.1个月
（HR 0.62
，P＜0.0001
）
。12个月PFS率分别为51.1%和35%
。同时康方自己补充了随着随访时间进一步延长
（截至2024年4月30号
）
，卡度尼利
（AK104
）方案和对照组更新的中位PFS分别为13.3个月和8.2个月
（HR 0.62
）
，卡度尼利方案的降低疾病进展风险或死亡风险的优势愈发突显
。
先看全体人群的数据
，其实就有几个很有意思的点
，第一
，K或者104的对照组的PFS在相同条件下是非常接近的
，这也说明两组临床数据有一定的可比性
，AK104的全人群的12.7/13.3个月的mPFS要略高于K药的10.4个月
。然而到了对照组的OS的时候
，这一项就开始出了问题
，K药对照组mOS为16.8个月
，而AK104的对照组则为22.8个月
。这种PFS接近
，mOS差开的情况
，我认为有可能是后续二线治疗的影响
，毕竟在K药的临床时期
，2线治疗的选择远少于现在
，很少有免疫治疗方案可用
，而现在则是多种治疗方案
，甚至AK104自身就是先获批了二线治疗方案
，这无疑会使得现在的OS数据变为难度更高的挑战
，好在在样本量尚可的情况下
，在全人群当中AK104的OS相比对照组已经有了阳性的结果
，接下来重要的是等待自身mOS数据的成熟
，看看最终mOS能到多少如果能接近30个月还是相当不错的
。
接下来再看具体亚组分析
，PFS的数据其实没必要看
，在数据不完全成熟的情况下
，我们一个一个点看OS首先是在年龄上
，在≥65岁的分组中K药是没有阳性的
，而AK104则是阳性按分组看
，这部分大概占六分之一
。接着比较关键的是PD-L1分组
，首先可以看到在PD-L1＜1的分组
，K药基本是和安慰剂无差别
，AK104虽然HR也跨过了1但是由于数据未成熟还是比较有希望的
。至于在PD-L1≥10的分组中
，虽然AK104的HR暂时跨过了1
（1.08
）
，但是想必没人会怀疑104在最后能够较大幅度胜出
，当然这部分肯定也是受到了后线免疫治疗的影响
，因为对于PD-1单抗等效果最好的就是PD-L1≥10的分组
，所以影响也最大
。再接下来则是
，是否与贝伐联用
，很有意思
，在K药中与贝伐联用组效果会更好而在AK104中则完全相反
，一方面可能是贝伐在亚洲人群数据确实偏好
，尤其是在早期
，另一方面确实也是数据没完全成熟
，不过相信数据成熟后在不耐受贝伐的患者中AK104将大幅领先
，按照分组这部分占40%左右
。至于其他的亚组则聊胜于无
，大家看看就好
，数据还没完全成熟
。
图片来源
：Pembrolizumab Chemotherapy versus Placebo Chemotherapy for Persistent, Recurrent, or Metastatic Cervical Cancer: Final Overall Survival Results of KEYNOTE-826
图片来源
：Cadonilimab plus platinum-based chemotherapy with or without bevacizumab as first-line treatment for persistent, recurrent, or metastatic cervical cancer (COMPASSION-16): a randomised, double-blind, placebo-controlled phase 3 trial in China
再总结分析一下
，由于后线治疗的影响
，康方生物AK104在数据未完全成熟时亚组分析尚不能有成熟的结果
，但是在全人群当中康方生物AK104的优势已经非常明显
，无论是OS
，还是PFS都是较为满意的
，当然按照最高的预期来看
，还需要等数据成熟
，不过康方生物AK104的CR等一直是最让人满意的
，个人认为是在本质上扩展了免疫治疗的适用范围
，关于这部分之前写过一篇文章讨论过了
“艰难困苦
，玉汝于成
：抗PD疗法耐药机制及克服耐药的探索
（万字长文
）
”网页链接，相信随着随访时间的延长
，这部分优势会越来越明显
。至于康方生物AK104本身的低毒高效也是一定程度的表现了出来
，目前看副作用还是非常可控的
，这部分我之前也专门写过一篇
“为什么是康方生物的双抗
？免疫治疗
：从单靶点单抗到联合治疗再到双抗
”网页链接， 感兴趣的也可以看看
。
对于康方生物AK104来说
，目前在等待数据彻底成熟的同时
，最重要的就是出海
，虽然道阻且长
，但是行则将至
，面对后线治疗的影响出海
，去开头对头
，去和K药或者阿替利珠头对头也是一种很好的解决办法
。相信康方生物AK104能够实现将免疫治疗的适用范围扩大
，同时走向世界
，为全世界患者带来更多的选择
，更好的获益
。本文仅作自己记录和学术分享
，不构成投资建议
。本文部分内容参考了Pembrolizumab Chemotherapy versus Placebo Chemotherapy for Persistent, Recurrent, or Metastatic Cervical Cancer: Final Overall Survival Results of KEYNOTE-826和Cadonilimab plus platinum-based chemotherapy with or without bevacizumab as first-line treatment for persistent, recurrent, or metastatic cervical cancer (COMPASSION-16): a randomised, double-blind, placebo-controlled phase 3 trial in China 如有侵权请联系删除
。风险提示
：本文所提到的观点仅代表个人的意见
，所涉及标的不作推荐
，据此买卖
，风险自负
。谢谢大家了
。$康方生物(09926)$@雪球创作者中心#雪球星计划#"
307989842,2024-10-14 18:58,208,222,14,2/3,https://xueqiu.com/2693678800/307989842,"写在最前面，本文是为了分析抗PD疗法（anti-PD-1或者anti-PD-L1等）免疫治疗的耐药机制以及客服耐药机制的探索，没有基础的或许会有些吃力，我会尽量多标注重点。本文很多内容来自Vesely MD, Zhang T, Chen L. Resistance Mechanisms to Anti-PD Cancer Immunotherapy. Annu Rev Immunol. 2022;40:...","艰难困苦
，玉汝于成
：抗PD疗法耐药机制及克服耐药的探索
（万字长文
）
来自TfR1lyxxx快乐鼠鼠的雪球专栏
来源
：雪球App
，作者
： TfR1lyxxx快乐鼠鼠
，
（https://xueqiu.com/2693678800/307989842
）
写在最前面
，本文是为了分析抗PD疗法
（anti-PD-1或者anti-PD-L1等
）免疫治疗的耐药机制以及客服耐药机制的探索
，没有基础的或许会有些吃力
，我会尽量多标注重点
。本文很多内容来自Vesely MD, Zhang T, Chen L. Resistance Mechanisms to Anti-PD Cancer Immunotherapy. Annu Rev Immunol. 2022;40:45-74. doi:10.1146/annurev-immunol-070621-030155
，这篇综述感兴趣的可以自己去看看
，也是希望通过分享能够让大家都有所收获
，同时也是想借此介绍下康方生物等国内生物医药力量在此领域的突破和贡献
。
虽然癌症始于基因突变导致的细胞转化
，并允许它们摆脱细胞生长限制
，但大多数癌症需要远远超过癌细胞的因素来建立恶性肿瘤和转移
。由癌细胞
、免疫细胞和支持并促进癌症生长的基质细胞组成的另一种不规则组织被称为肿瘤微环境
（Tumor microenvironment
，TME
）
。TME的每一个组成部分可能对肿瘤形成的潜力至关重要
，因此是癌症治疗的潜在靶点
。有确凿证据表明
，自发的免疫反应可控制肿瘤的发展
。逃避这种控制不仅是癌症的标志
，也可能是TME中最有可能成功的靶向方面
。因此
，理解癌症中肿瘤免疫微环境
（Tumor immune microenvironment, TIME
）的作用对于设计和实施最佳的免疫疗法至关重要
。
抗PD治疗成功的最可能原因是它靶向的是TME内局部的免疫功能失调反应
，而不是通过例如细胞因子或抗CTLA-4
（cytotoxic T lymphocyte–associated-4
，细胞毒性T淋巴细胞相关蛋白-4
）疗法来增强全身免疫力
。相比于增强全身免疫反应的免疫疗法
（称为增强型癌症免疫疗法
）我们更希望修复TME内局部免疫功能失调并使免疫反应恢复到正常范围的疗法
（也称为正常化癌症免疫疗法
）
，抗PD治疗是典型的正常化癌症免疫疗法
。
图片来源
：Vesely MD, Zhang T, Chen L. Resistance Mechanisms to Anti-PD Cancer Immunotherapy. Annu Rev Immunol. 2022;40:45-74. doi:10.1146/annurev-immunol-070621-030155
为什么有些患者对抗PD治疗没有反应是现代癌症治疗中的一个主要问题
。一般来说
，抗PD治疗的耐药性可以根据临床结果分为原发性耐药和获得性或继发性耐药
，或者根据生物学机制分为先天性耐药和适应性耐药
。在原发性耐药中
，肿瘤从一开始就对抗PD治疗无反应
。相比之下
，在获得性耐药中
，肿瘤最初对抗PD治疗有反应
，但随后疾病进展
。因此
，原发性耐药通常包括先天性耐药机制
，而获得性或继发性耐药包括适应性免疫耐药机制
。前些年
，癌症免疫治疗学会
（Society for Immunotherapy of Cancer, SITC
）发布了其由学术界
、政府和制药及生物技术行业专家组成的多方利益相关者工作组的初步建议
，以精炼抗PD治疗耐药的临床定义
。SITC免疫治疗耐药工作组将抗PD治疗的耐药性定义为基于药物暴露时间和进展时间的临床参数的原发性耐药或继发性耐药
。通过这种方式
，继发性耐药取代了以前用于描述临床和生物学情景的获得性耐药术语
。他们讨论的另一种耐药类型是在治疗因毒性而中止或停止治疗后的疾病进展
。SITC建议的目的是为临床试验的入组制定明确的指南
，而不是定义可能涉及原发性和继发性耐药的生物学机制
。
适应性免疫耐药与原发性和继发性耐药
（即临床结果
）不同
，它涉及肿瘤在持续的免疫攻击中使用的保护正常组织免受免疫反应有害影响的通路
。这篇文章的的重点是抗PD治疗耐药的生物学机制以及TME内的功能失调免疫反应
，这种反应可能出现在临床的原发性或继发性耐药中
，或两者兼有
。最典型的机制和适应性耐药概念的基础是在TME内B7-H1在T细胞释放IFN-γ后表达
。肿瘤通过发展新的策略来适应免疫攻击
。然而
，重要的是要注意
，相同的机制
（如IFN-γ释放
）可能对免疫治疗的原发性和继发性耐药性都至关重要
。在这篇文章中
，将专注于抗PD治疗耐药的细胞和分子过程
，作为讨论耐药机制的框架
，而不是将其分类为原发性
、适应性或获得性
。尽可能关注人类上的数据
，仅在缺乏患者数据时使用临床前研究提供的机制性见解
。
抗PD治疗的免疫耐药机制
图片来源
：Vesely MD, Zhang T, Chen L. Resistance Mechanisms to Anti-PD Cancer Immunotherapy. Annu Rev Immunol. 2022;40:45-74. doi:10.1146/annurev-immunol-070621-030155
关于抗PD治疗耐药机制的大部分线索
，毫不意外地
，涉及免疫介导的机制
。因此
，我们的讨论主要集中在癌症用来躲避免疫攻击的免疫逃逸机制以及肿瘤微环境
（TME
）中那些使抗PD治疗效果减弱的免疫逃逸机制上
。例如
，传统观点认为缺乏B7-H1的肿瘤可能对抗PD治疗产生较弱反应
（尤其是anti-PD-L1
）此外还认为可能具有替代的免疫逃逸机制
。除了这些免疫介导的耐药机制外
，本文还讨论了影响抗PD治疗反应的代谢
、微生物群和表观遗传学的新见解
。需要注意的是
，先天免疫激活和初始T细胞的刺激对于抗肿瘤免疫的形成至关重要
。在T细胞受体识别肿瘤抗原后
，协同刺激对于T细胞发展出细胞毒性功能并消灭癌细胞是必要的
。缺乏免疫启动和初始反应可能在抗PD治疗的耐药性中发挥作用
，但来自人类患者的大部分证据表明
，肿瘤内或邻近淋巴结中的T细胞被激活后变得功能失调
。在本文中
，我们主要关注限制已激活T细胞的TME中的耐药机制
。
肿瘤对免疫治疗的逃逸通常是由于适应性免疫耐药
，即T细胞攻击
（IFN-γ
）导致TME内局部逃逸机制
（B7-H1
）的补偿性上调
。对于表达B7-H1的肿瘤
，抗PD治疗可以克服这种局部免疫功能失调
。然而
，在TME内还有许多其他免疫耐药机制
，这些机制限制了抗PD治疗的有效性
。耐药机制通常分为直接和间接两类
。直接机制影响PD-1/B7-H1通路并阻碍抗PD治疗的正常工作
。例子包括B7-H1表达缺失
、干扰素信号通路丧失以及TME中的T细胞排斥
。因此
，这些直接机制也被称为目标缺失耐药
。间接机制则不特定于抗PD治疗
，而是癌症用来抵抗可能所有类型免疫治疗的方法
，例如抗原丧失和抗原呈递缺陷
。我们在此讨论了抗PD治疗中最为成熟且研究最为深入的免疫介导耐药机制的临床证
。同样重要的是
，由于晚期癌症的TME异质性非常的强
，这里描述的许多机制并非存在于所有肿瘤中
。事实上
，特定机制可能在某些患者的某一时间段内发挥作用
。
图片来源
：Vesely MD, Zhang T, Chen L. Resistance Mechanisms to Anti-PD Cancer Immunotherapy. Annu Rev Immunol. 2022;40:45-74. doi:10.1146/annurev-immunol-070621-030155
肿瘤微环境中缺乏B7-H1表达
抗PD疗法的主要作用是通过特异性单克隆抗体阻断PD-1/B7-H1通路
。因此
，TME中缺乏B7-H1或PD-1的表达是直接的耐药机制之一
。最初基于观察到黑色素瘤表现出不同的T细胞浸润和B7-H1表达模式
，提出了一个以这两个参数为基础的TIME分类方案
。该方案将癌症分为四种类型
：I型癌症没有肿瘤浸润性T细胞或B7-H1
，II型癌症既有T细胞又有B7-H1
，III型癌症有T细胞但没有B7-H1
，IV型癌症有B7-H1但没有T细胞
。I型
、III型和IV型癌症占所有癌症病例的50%以上
，由于它们缺乏一个或两个关键的靶向需求
，不太可能对抗PD疗法产生反应
。例如
，根据对非小细胞肺癌
（NSCLC
）累积的数据
，57%的这些癌症缺乏肿瘤浸润性T细胞或肿瘤浸润性淋巴细胞
（TILs
）
（45%为I型和12%为IV型
）
。相比之下
，26%的NSCLC有TILs但缺乏B7-H1
（III型
）
，这使得只有17%的NSCLC预计会对抗PD疗法产生反应
，因为它们同时存在TILs和B7-H1
（II型
）
。这种简单的TIME分类方法解释了为什么很大一部分癌症对抗PD疗法没有反应
。类似的TIME分类方法已被提出
，以指导当前和未来的治疗策略
，并且在几个独立研究中累积的数据表明
，超过一半的癌症不表达B7-H1和/或没有浸润性T细胞
，这与anti-PD疗法的较差反应有关
。然而
，在临床上应用这些参数来预测抗PD疗法的结果并非易事
。B7-H1蛋白的检测主要依赖于肿瘤组织的临床活检
，小样本量和单一时间点可能不足以代表整体情况
，因为B7-H1的表达在肿瘤组织中并不均匀
，通常与产生IFN-γ的TILs相邻
。TME内动态的免疫反应及B7-H1的表达可能会随时间而变化
。这也解释了为什么某些在肿瘤组织活检中检测到低或没有B7-H1的患者对抗PD疗法仍然有反应
。除了B7-H1表达外
，效应CD8+ T细胞对于抗PD疗法也至关重要
。特别有趣的是
，III型肿瘤中存在TILs
，但缺乏B7-H1表达
。这一发现表明
，TME中的TILs未能产生IFN-γ
，可能功能异常
。当然这部分是传统观点
。现在观点认为PD1高表达的T细胞可能是耗竭的象征
，通过阻断PD-1+其他耗竭Marker通路如LAG-3
，CD73等可以逆转T细胞耗竭
，不依赖B7-H1
（PD-L1
）发挥功能
。
T细胞缺失
（被排出肿瘤微环境
）
PD-1主要存在于淋巴细胞上
，尤其是T细胞
。如果肿瘤微环境
（TME
）中缺少T细胞
，则会构成另一种靶点缺失的耐药机制
。如上所述
，超过50%的晚期人类癌症中
，TME中没有显著的肿瘤浸润淋巴细胞
（TILs
）也就是冷肿瘤
，这表明还存在其他因素阻碍T细胞的浸润
。克服T细胞排除并增加T细胞对肿瘤的浸润是改善抗PD疗法临床效果的主要挑战
。多种细胞因子如TGF-β和VEGF在TME中升高
，而在临床前动物模型中
，当这些因子被阻断时
，T细胞的浸润增加
，抗PD疗法的效果也得到了增强
。临床前和临床研究已经证明肿瘤细胞和TME中的基质细胞共同参与了T细胞排除的形成
。多项研究表明
，有多种机制可以防止T细胞进入肿瘤
，但这些途径在人体癌症患者中尚未得到测试
。癌细胞中的致癌途径往往能够通过排除T细胞来促进对抗肿瘤免疫反应的逃逸
。例如
，磷酸酶和张力蛋白同源物
（PTEN
）与肿瘤中的T细胞浸润相关
；在肿瘤中表达PTEN的黑色素瘤细胞区域与更多的T细胞浸润共存
。失去PTEN表达的黑色素瘤患者的临床结果较差
。在一些最初对抗PD疗法有反应但随后出现疾病进展的癌症患者中
，发现肿瘤在产生耐药时失去了PTEN表达
。除了PTEN外
，WNT-β-连环蛋白途径也与肿瘤中T细胞浸润的缺失有关
。在一项研究中
，一名最初对抗PD疗法有反应的黑色素瘤患者发展出了转移
，并且这些转移灶表现出了新升高的β-连环蛋白表达
，并且T细胞浸润消失
。对33名患者的黑色素瘤细胞进行单细胞RNA测序
，发现了一种与T细胞排除相关的耐药转录程序
，并且该程序能够预测独立的112名黑色素瘤患者对抗PD疗法的临床反应
。该耐药和排除程序在免疫疗法耐药病变中升高
，表明该转录程序与抗PD疗法耐药相关
。在排除T细胞的黑色素瘤中上调的基因编码了由致癌基因控制的细胞周期依赖性激酶
（cyclin-dependent kinases
，CDK
）
。与此一致的是
，CDK4/6抑制剂在临床前黑色素瘤模型中增强了T细胞浸润和免疫疗法的效果
。关于CDK抑制剂
，国内百济神州的管线还是比较值得期待的
。
干扰素信号通路的丧失
干归扰素在抗肿瘤免疫反应中起着关键作用
，可能是肿瘤消除过程中最为重要的细胞因子之一
。这因于其多效性功能
，包括抑制肿瘤细胞增殖
、增强肿瘤细胞的抗原加工和呈递能力
、激活抗原呈递细胞如树突状细胞和巨噬细胞
，并最终提升先天和适应性免疫效应细胞的功能
，特别是增强肿瘤细胞的细胞毒性
。肿瘤细胞和免疫细胞中的干扰素信号传导对于有效的抗肿瘤免疫至关重要
。I型干扰素
（IFN-α/β
）和II型干扰素
（IFN-γ
）通过Janus激酶
（JAK
）和信号转导及转录激活因子
（STAT
）实现下游信号传导
。尽管干扰素具有上述多种积极作用
，IFN-γ也是调控肿瘤微环境
（TME
）中B7-H1表达的重要因子
，这一调控机制包括转录和转录后水平的调节
。由于B7-H1的上调能够通过与T细胞表面的PD-1结合来诱导T细胞功能失效
，因此TME中的干扰素在肿瘤免疫中可能扮演双刃剑的角色
。这一现象解释了肿瘤细胞如何通过适应TME来逃避免疫攻击
。因此
，干扰素信号通路的缺陷可能会同时削弱其正面和负面作用
，从而导致对抗PD疗法的耐药性
。
部分人类癌症中存在影响干扰素信号通路的突变
，特别是JAK等下游信号分子的突变
。例如
，人类前列腺癌细胞系LNCaP缺乏JAK1的表达
，导致其对干扰素不敏感
。Ribas等人通过研究发现了肿瘤细胞中的B2M突变
，其中两名最初对抗PD疗法
（帕博利珠单抗
）有反应
，但后来病情进展的转移性黑色素瘤患者
，其肿瘤中出现了JAK1和JAK2的功能丧失性突变
。JAK2突变导致生成的细胞系中JAK2蛋白表达丧失
，进而无法对IFN-γ作出反应
，且无法上调B7-H1和MHC-I的表达
。另一项研究在23名黑色素瘤患者和16名结肠癌患者中分别发现1例JAK1/2功能丧失突变
，这些患者均接受了抗PD疗法
。这些功能丧失性JAK突变的功能后果是无法对IFN-γ作出反应并调节B7-H1的表达
。通过对Cancer Cell Line Encyclopedia中905个癌细胞系的分析
，约0.7%的人类癌细胞系被预测具有使其对干扰素不响应的JAK1/2突变
。在皮肤黑色素瘤
、乳腺浸润性癌
、前列腺腺癌
、肺腺癌和结直肠腺癌的癌症基因组图谱
（TCGA
）分析中
，6-12%的这些癌症中携带JAK1/2突变
。此外
，从转移病灶中建立的人类黑色素瘤细胞系中
，一部分表现出IFN-γ信号调控基因的缺陷
。在46个提交外显子测序的细胞系中
，有5个
（11%
）具有JAK1
（n=3
）
、JAK2
（n=1
）或STAT1
（n=1
）的突变
，使得这些细胞对T细胞介导的杀伤作用不敏感
。尽管JAK1/2突变被预测会导致功能丧失并降低对干扰素的响应
，与较差的生存率相关
，但这些突变对患者生存率的影响尚不完全明确
。需要进一步研究以确定干扰素信号通路的丧失在抗PD疗法耐药中的普遍性
，并探讨是否有可能实施干预措施来克服这一缺陷
。
免疫编辑导致的抗原丢失
免疫系统在消除肿瘤细胞和促进肿瘤生长中的双重作用通常被称为癌症免疫编辑
。肿瘤微环境
（TME
）中免疫细胞
、肿瘤细胞和基质细胞的网络会导致肿瘤的三种可能结果之一
：消除
、平衡或逃逸
。在临床前模型中
，T细胞介导的肿瘤特异性抗原
（如新抗原
）识别对肿瘤细胞的清除至关重要
，这也可能影响抗PD疗法的反应
。新抗原的识别有时被称为癌症免疫治疗的最终共同通路
，因为多种不同类型的免疫疗法
，包括抗PD疗法
，都需要识别并随后破坏肿瘤细胞
。较高的肿瘤突变负荷被认为可以产生更多的新抗原
，并且在一些研究中与更多的肿瘤浸润T细胞
、更高的T细胞受体
（TCR
）多样性以及T细胞导向的免疫疗法的改善预后相关
。
在人类癌症中
，预测的新抗原负荷与生存率和抗PD疗法的反应呈正相关
。效应CD4+或CD8+ T细胞对这些新抗原的识别也已得到证实
。值得注意的是
，抗PD疗法可以增强T细胞对新抗原的反应性
。在一名黑色素瘤患者中
，肿瘤内的新抗原特异性T细胞动态研究表明
，肿瘤细胞新抗原的表达可以随着时间的推移而丧失
，这与癌症免疫编辑过程一致通过主动的抗肿瘤免疫反应进行的免疫选择可能导致新抗原丧失变异体的出现
，并引发肿瘤免疫逃逸
。这种通过新抗原丧失引发的免疫逃逸机制可以在未经治疗的癌症早期阶段发生
，显示出免疫系统强大的选择压力
。新抗原图谱的这一演化过程也可以在抗PD治疗期间发生
，导致治疗耐药性
。在一项非小细胞肺癌
（NSCLC
）的研究中
，研究者对治疗前和治疗后来自抗PD治疗耐药患者的配对活检样本进行了全外显子组测序和TCR克隆测序
，分析了新抗原的变化
。在42名NSCLC患者中
，有4名被发现通过新抗原的丧失而对抗PD治疗产生了耐药性
，而不是由于抗原加工和呈递机制的缺陷
。预测的新抗原肽被测序
，并被患者自身的T细胞识别
，表明在抗PD治疗之前
，患者体内已经存在对新抗原的内源性T细胞反应
，但在抗PD治疗后通过癌症免疫编辑过程
，这些新抗原被丧失
。在另一项对88名早期未治疗的NSCLC患者的研究中
，43名患者中检测到通过拷贝数丧失引发的新抗原减少
。在TRACERx RNA-seq中
，研究者发现28名NSCLC患者中存在通过启动子高甲基化导致的新抗原沉默
，这是一种表观遗传的免疫编辑机制
。
肿瘤抗原呈递的缺陷
肿瘤细胞可能在抗原加工和呈递机制上存在缺陷
，阻碍免疫系统识别癌细胞中的新抗原
。尽管这种机制在预临床模型中的实验条件下被广泛证明
，但在实际抗PD治疗中
，尚难以确定这种现象的发生频率
。已有研究发现
，MHC-I在癌症中出现突变
。McGranahan等人使用一种计算工具鉴定人类白细胞抗原
（HLA
）的杂合性丧失
，发现40%的非小细胞肺癌
（NSCLC
）通过杂合性丧失出现HLA丧失
，导致新抗原结合丧失并引发免疫逃逸
。在一项未接受治疗的NSCLC患者的研究中
，56%的肺腺癌和78%的肺鳞癌患者表现出HLA杂合性丧失
。目前尚不清楚这种HLA杂合性丧失是否会在抗PD治疗过程中阻止肿瘤抗原的呈递
。
一项近期研究发现
，一位初期对抗PD疗法
（pembrolizumab
）有反应的转移性黑色素瘤患者
，在治疗后期出现了病情进展
。通过纵向活检获取的肿瘤细胞外显子组测序结果表明
，患者在治疗前后都携带β2-微球蛋白
（β2m
）基因
（B2M
）的截断突变
。这种突变导致B2M缺失
，而B2M对HLA-I类分子的稳定性至关重要
。因此
，MHC-I可能不稳定
，无法向肿瘤浸润淋巴细胞
（TILs
）呈递新抗原
。Gettinger等人分析了14例对抗PD治疗产生耐药的肺癌
，其中1例肿瘤出现B2M的纯合性丧失
，导致HLA-I类分子无法在细胞表面表达
，另外两例则表现出B2M的下调
。另一项针对转移性黑色素瘤的研究对17位在免疫治疗后出现进展的患者进行了纵向肿瘤活检
。在这些患者中
，有5例
（29.4%
）肿瘤显示出B2M的缺陷
。相比之下
，在对免疫治疗有反应的患者中未检测到B2M的改变
。抗PD治疗的一个显著特点是
，它是第一个根据分子特征而非特定癌症类型批准的癌症疗法
。在功能丧失的错配修复通路的癌症中
，抗PD治疗可以有效控制免疫反应
。两位患有错配修复缺陷型肿瘤并对抗PD治疗产生耐药的患者被发现具有B2M突变
。
总的来说
，独立队列的研究表明
，抗原呈递的缺陷既可能发生在治疗前
，也可能发生在治疗过程中
。尽管这些不同癌症类型中的显著案例已被报道
，但这种机制的普遍性仍然不清楚
。这可能与肿瘤样本采集有关
，并强调了在患者接受免疫治疗期间对肿瘤进行纵向活检的必要性
。此外
，B2M在全身组织中广泛表达
，健康人和癌症患者的血清中都可以检测到高水平的可溶性B2M蛋白
。理论上
，这种可溶性B2M蛋白可能通过稳定HLA来补偿肿瘤细胞中B2M的缺失
。因此
，目前尚不确定B2M的缺失是否必然导致肿瘤抗原呈递的丧失
。
免疫抑制细胞
免疫抑制细胞如调节性T细胞
（Tregs
）
、髓源性抑制细胞
（MDSCs
）和肿瘤相关巨噬细胞
（TAMs
）在预临床癌症模型中会削弱抗肿瘤免疫反应
。研究表明
，Tregs在多种癌症类型的肿瘤微环境
（TME
）中浸润
，并对临床结果产生负面影响
。抗CTLA-4疗法调节免疫反应的部分作用可能与其对Tregs的靶向有关
。然而
，目前关于Tregs如何影响抗PD治疗反应的研究还相对有限
。虽然已有研究观察到Tregs变化与抗PD治疗反应之间的相关性
，但TME中的具体变化尚未深入探讨
。这可能是因为抗PD治疗的反应主要发生在TME内
，而不是外周淋巴器官
。
MDSCs是一类被招募到TME中并具有免疫抑制功能的异质性髓系细胞
。早期研究表明
，MDSCs是负性预后因素
，但近期涉及多种癌症类型的数据尚未得出一致结论
。这可能与不同细胞亚群的分析相关
：循环中的MDSCs与肿瘤浸润的MDSCs功能可能不同
。此外
，不同亚群的MDSCs对生存率的影响也可能存在差异
。多项预临床研究显示
，靶向MDSCs能够增强免疫治疗效果
，包括抗PD治疗
，目前的临床试验正在探索这种组合疗法
。这些针对人类患者的研究将有助于确定MDSCs是否是临床抗PD治疗耐药的关键介质
。
肿瘤相关巨噬细胞
（TAMs
）是另一类被吸引到TME中的抑制性髓系细胞
，其免疫抑制机制与MDSCs类似
。TAMs已被证明是影响患者预后的重要因素之一
，靶向这些细胞已成为临床研究的热点领域
。例如
，TREM2在肿瘤浸润巨噬细胞中表达
，预临床研究中发现其促进了抗PD治疗过程中肿瘤的生长
，并且TREM2的表达与人类癌症的不良预后相关
。对TME中髓系细胞的重新编程在预临床模型中有效改善了免疫治疗耐药性
，为人类癌症中靶向髓系细胞奠定了基础
。然而
，目前尚难预测靶向抑制性髓系细胞是否能够成功克服人类癌症患者的抗PD治疗耐药性
。近期的研究显示
，靶向由抑制性髓系细胞表达的免疫抑制分子吲哚胺2,3-双加氧酶1
（IDO1
）在与抗PD治疗联合使用时
，并未为黑色素瘤患者带来额外益处
。这些免疫抑制细胞可能具有重要的预后价值
，因为它们反映了TME中正在进行的活跃免疫逃逸机制
，但目前尚无足够的治疗数据表明这些细胞是抗PD治疗耐药的关键机制
。未来的研究可能通过识别并靶向特定的髓系细胞亚群或由髓系细胞表达的特定抑制分子
，最终增强抗PD治疗的疗效
，从而广泛抵消其在癌症患者中的抑制作用
。
肿瘤微环境中的共抑制分子
在肿瘤微环境
（TME
）中
，共抑制分子的表达是肿瘤免疫逃逸的根本机制之一
。效应T细胞通过抑制性受体-配体的相互作用受到抑制
，导致功能障碍
。成功靶向PD-1/B7-H1共抑制轴证明了阻断局部功能障碍T细胞的强大方法
，从而实现T细胞的再活化
，进而消除或控制肿瘤
。在过去十年中
，多个免疫共抑制通路被发现
，并在临床前模型中用于癌症免疫治疗
。在此
，我们讨论可能导致癌症患者对抗PD治疗产生耐药性的共抑制分子
。
淋巴细胞活化基因3蛋白
（LAG-3
）在T细胞上表达
，并在与其经典配体MHC-II结合时向T细胞传递共抑制信号
。在TME中
，功能障碍的T细胞表达更高水平的LAG-3
，且几种阻断性抗体正在癌症免疫治疗领域进行临床开发
。Gettinger等人对抗PD治疗耐药的非小细胞肺癌
（NSCLC
）肿瘤进行了免疫治疗前后的活检
，发现治疗后8例肿瘤中的5例肿瘤浸润淋巴细胞
（TILs
）上LAG-3的表达增加
。此外
，8例中有3例显示T 淋巴细胞免疫球蛋白黏蛋白3
（TIM-3
）表达增加
。同时
，其他免疫抑制分子如T细胞免疫球蛋白和ITIM结构域蛋白
（TIGIT
）的上调也被观察到
，但这些变化未达到统计显著性
。这表明在某些抗PD治疗耐药的患者中
，LAG-3的表达有补偿性增加
，TIM-3的表达增加则较为次要
。另一项研究表明
，两名在抗PD治疗中出现耐药的患者的肿瘤浸润T细胞上出现TIM-3上调
，但未出现LAG-3上调
。由于样本量较小
，难以得出明确结论
，无法确认LAG-3或TIM-3的上调是否是抗PD治疗耐药的直接原因
。此外
，该研究队列中的一些耐药肿瘤在抗PD治疗后抑制受体的表达有所下降
，提示可能存在其他逃逸机制
。最近的研究通过识别纤维蛋白原样1蛋白
（FGL-1
）为LAG-3的主要共抑制配体
，揭示了靶向LAG-3通路的新前景
。FGL-1是一种可溶性蛋白
，通常由肝脏低水平分泌
，但在许多实体肿瘤中其表达高度上调
。这些配体对LAG-3介导的共抑制作用的相对贡献尚不明确
，尚不清楚是否需要阻断一种或两种配体以最大化治疗效果
。有趣的是
，FGL-1与LAG-3上的一个与MHC-II不同的分子口袋结合
，这意味着以前开发的靶向LAG-3的单克隆抗体可能需要重新评估
，以确保对LAG-3共抑制信号的完全阻断
。
另一个可能与耐药性有关的共抑制分子是程序性死亡1同源物
（PD-1H
）
，或称V结构域免疫球蛋白T细胞活化抑制因子
（VISTA
）
，其属于CD28家族
。与PD-1
、CTLA-4和LAG-3不同
，PD-1H在多种免疫细胞
（包括T细胞和髓样细胞亚群
）中表达
。最近的一项研究表明
，其与P-选择素糖蛋白配体1
（PSGL-1
）相互作用
，在酸性环境中向T细胞传递共抑制信号
，暗示该相互作用在TME中具有重要作用
。在临床前模型中阻断PD-1H对抗癌症有效
，且相关单克隆抗体正在进行癌症免疫治疗的临床开发
。在一项对抗PD治疗耐药的黑色素瘤患者的研究中
，对10对匹配的治疗前和疾病进展期活检样本进行了VISTA表达分析
。在10例中
，有7例
（70%
）发现VISTA表达增加
，这表明VISTA可能是抗PD治疗耐药的机制之一
。
除了在抗PD治疗中上调的共抑制分子外
，某些肿瘤可能不表达B7-H1
，而是通过其他抑制途径来逃逸治疗
。缺乏B7-H1的肿瘤对抗PD治疗的反应较差
，并且可能存在类似上述I型和III型TIME肿瘤的缺失靶标耐药性
。III型TIME肿瘤缺乏B7-H1
，但浸润有T细胞
，这些T细胞很可能由于其他抑制途径而失去功能
。一种最近描述的新型共抑制分子Siglec-15在多种主要缺乏B7-H1的癌症类型中表达
。Siglec-15在肿瘤浸润的髓样细胞上表达
，阻断Siglec-15可以促进抗肿瘤免疫反应
。另一项研究验证了Siglec-15的表达在不同肿瘤类型中的差异
，且与肺腺癌的较差预后相关
。I期临床试验显示了良好的安全性和在肺癌
、头颈癌及三阴性乳腺癌中的令人鼓舞的临床反应
，目前II期临床试验正在测试抗Siglec-15单克隆抗体在晚期癌症治疗中的有效性
。
分泌性免疫抑制因子
肿瘤微环境
（TME
）的免疫抑制一部分是通过肿瘤细胞
、免疫细胞和基质细胞分泌的各种因子来实现的
，这些因子限制了抗肿瘤免疫
。多种细胞因子和分泌性免疫抑制因子
，包括IL-8
，已在临床前模型和某些人类癌症中被发现抑制抗肿瘤免疫反应
。最近
，研究发现一种由黑色素瘤分泌的因子能够促进免疫逃逸
，并提示患者预后不良以及对抗PD治疗产生耐药性
。Midkine由黑色素瘤细胞分泌
，具有高Midkine表达特征的肿瘤通常富含肿瘤相关巨噬细胞
（TAMs
）和调节性T细胞
（Tregs
）
，且与不良预后密切相关
。在一项黑色素瘤患者队列中
，Midkine表达较高的患者对抗PD治疗的反应较差
。此外
，肿瘤细胞还分泌诸如转化生长因子β
（TGF-β
）等细胞因子
，该细胞因子在TME中对多种细胞具有广泛的作用TGF-β信号通路活跃的癌症分子分类通常与预后不良以及抗PD治疗反应不佳相关
，尤其是在癌症相关成纤维细胞中
。TGF-β在基质细胞中的信号传导也与T细胞浸润减少相关
，并可能促进T细胞的排除
。目前
，多个靶向TGF-β与抗PD治疗联合的临床试验正在进行中
，但尚未有结果发布
。
另一种在TME中分泌的免疫抑制分子是腺苷
，其通过多种机制在局部发挥抑制作用
。腺苷能通路活跃与人类癌症预后不良相关
，靶向该通路的研究在临床前模型中显示出潜力
。目前
，针对癌症患者的抗PD治疗联合靶向腺苷的临床试验正在进
。与腺苷类似
，IDO1是一种在TME中水平升高的小分子
，具有广泛的作用并抑制抗肿瘤免疫
。然而
，IDO1与PD-1的双重阻断在黑色素瘤患者中未显示出额外的临床获益
。目前
，关于分泌性免疫抑制因子在癌症患者中是否确切介导了抗PD治疗耐药性
，还缺乏足够的证据
。靶向CD73等酶类ICI或许可以实现对此类免疫抑制分子的产生的抑制
。如康方生物的抗CD73的单抗和多款双抗
。
图片来源
：Vesely MD, Zhang T, Chen L. Resistance Mechanisms to Anti-PD Cancer Immunotherapy. Annu Rev Immunol. 2022;40:45-74. doi:10.1146/annurev-immunol-070621-030155
代谢与抗PD治疗耐药
近一个世纪前
，奥托
·瓦尔堡发现了癌细胞与正常细胞相比有着独特的代谢方式
。如今
，我们知道
，不仅是癌细胞的代谢
，免疫细胞的代谢也对癌症的进展和转移起到了推动作用
。然而
，关于代谢在抗PD治疗耐药中的角色
，人类研究知之甚少
。大部分关于癌细胞代谢和免疫代谢在抗肿瘤免疫反应中重要性的证据来源于临床前研究
。癌细胞代谢如何通过营养竞争
、缺氧
、酸性环境以及免疫调节代谢物来促进免疫抑制性肿瘤微环境
（TME
）已在一些文献中进行了详细综述
。本文将简要讨论在临床前癌症模型中
，抗PD治疗引发的代谢重编程证据
，以及代谢可能作为抗PD治疗耐药机制的新兴证据
。
细胞代谢调控着T细胞的基本功能
，例如T细胞的共刺激
、T细胞激活
、通过有氧糖酵解产生IFN-γ
，以及通过线粒体融合决定记忆T细胞的命运
。多项研究表明
，代谢重编程可以增强抗肿瘤免疫反应
，并提高抗PD治疗效果
。在TME中
，肿瘤细胞和T细胞争夺资源
，这种代谢竞争可能促进癌症进展
。在一项研究中
，抗PD治疗使T细胞恢复了糖酵解能力和效应功能
，从而消灭了已建立的癌症
，这表明TME中的T细胞低反应性可能是由代谢限制引起的
。此外
，研究意外发现B7-H1可以调控肿瘤细胞的糖酵解代谢
，开启了另一个研究方向
，即抗PD治疗是否影响癌细胞代谢
。
随着技术手段和算法的进步
，人类癌症代谢图谱的研究变得更加深入
（
。创新的单细胞技术用于剖析人类结直肠癌中T细胞的代谢表型
，发现肿瘤内部扩增的T细胞与肿瘤免疫边界的排除型T细胞在代谢上存在显著差异
。最近的一项研究发现
，前列腺羟化酶-3的缺失与来自TCGA数据库中的人类癌症中CD8+ T细胞功能下降相关
。
几项临床前模型研究表明
，异常的脂质代谢可能在抗PD治疗耐药中起到重要作用
。胆固醇对T细胞增殖和活化至关重要
，因为它调控TCR聚集和脂筏
。抑制胆固醇酯化酶ACAT1可以增强CD8+ T细胞功能
，并在小鼠肿瘤模型中改善抗PD治疗效果
。此外
，Ma等人发现TILs进入TME后摄取胆固醇
，导致共抑制分子PD-1
、LAG-3和TIM-3上调
，并在临床前肿瘤模型中表现出耗竭表型
。T细胞中胆固醇的增加还可能通过上调CD36导致功能丧失
，进而诱发脂质过氧化和铁死亡
。最近的研究表明
，CD8+ T细胞的甲硫氨酸代谢可能受损
，导致STAT5表达下降
，T细胞免疫力受损
。这项研究还显示
，甲硫氨酸转运蛋白SLC43A2在TCGA数据库中癌症组织中的表达比匹配的正常组织高
，并与这些癌症中的CD8和IFNG转录本呈负相关
。在黑色素瘤患者中
，高SLC43A转录水平的浸润性T细胞显示效应基因的低表达
，并通过组蛋白修饰与T细胞免疫反应下降相关
。因此
，异常代谢可能导致TME中T细胞功能障碍的表观遗传改变
。
尽管这些研究非常有前景
，但目前尚无直接证据表明代谢通路能够在人类中区分抗PD治疗的应答者和非应答者
。因此
，我们无法明确指出代谢是抗PD治疗耐药的机制
。未来的研究可能会改变这一现状
。目前尚不清楚在人类患者中靶向代谢通路是否能改善T细胞功能并促进抗肿瘤免疫反应
，因为这些仅在临床前模型中得到了验证
。实际上
，靶向IDO1的最有前景的代谢疗法在III期临床试验中失败了
，即使与抗PD治疗联合使用也未能取得成功
，尽管其在临床前和I/II期临床试验中表现出良好前景
。目前
，针对其他代谢靶点的疗法正在临床试验中
。或许
，未来更有力的证据将来自肠道微生物组
，因为那里的微生物代谢物可能会调节抗肿瘤免疫反应
。
微生物群
微生物群在免疫系统的发育
、教育以及疾病的发病机制中起着重要作用
。如今
，肠道微生物群对癌症免疫疗法的应答产生影响这一观点已经得到认可
。这一见解最初是在癌症的临床前模型中得出的
，实验表明具有不同肠道微生物群的小鼠对抗PD治疗或抗CTLA-4治疗的反应不同
。在人类癌症患者中
，抗PD治疗和/或抗CTLA-4治疗改变了肠道微生物群
。随后
，2018年的三项研究表明
，人类癌症患者可以根据其肠道微生物群的差异分为抗PD治疗的应答者和非应答者
。对接受抗PD治疗的43名黑色素瘤患者的粪便微生物群样本进行分析后
，发现应答者
（30例
）和非应答者
（13例
）之间的微生物群组成存在差异
。另一项针对42名黑色素瘤患者的研究中
，发现不同的粪便微生物群构成与抗PD治疗的应答者
（16例
）和非应答者
（26例
）相关
。有趣的是
，这些黑色素瘤队列中与抗PD治疗应答相关的特定细菌物种有所不同
，这表明即使在同一种癌症亚型患者中
，也没有普遍的与应答相关的细菌物种
。Routy等人证明
，肠道微生物群的组成也与非小细胞肺癌
、肾细胞癌和尿路上皮癌患者对抗PD治疗的应答相关
。此外
，免疫治疗期间的抗生素暴露会对抗PD治疗的应答产生负面影响
。令人感兴趣的是
，这些研究表明
，从应答者中移植的粪便微生物群能够增强抗PD治疗的疗效
，表现为在无菌小鼠的TME中CD8+ T细胞密度增加和Tregs减少
。这些研究和其他研究进一步确立了肠道微生物群作为抗PD治疗初级耐药生物标志物的潜力
，以及抗生素对接受抗PD治疗患者可能产生的负面影响
。然而
，我们尚不清楚导致这些关联的机制
，也不知道微生物群的改变是否会促成抗PD治疗的继发性耐药
。目前
，专门操控癌症患者肠道微生物群的临床试验正在进行中
，期待这些研究能够阐明微生物群对癌症免疫应答的影响
。在最近的两项I期临床试验中
，25名对抗PD治疗产生耐药的黑色素瘤患者在重新接受抗PD治疗前进行了粪便微生物群移植
，结果表明通过调控肠道微生物群进行免疫治疗是可行且有效的两项研究均使用了来自抗PD治疗应答患者的肠道微生物群
。在一项包含10名患者的研究中
，3名患者的肿瘤负担减少
，CD8+肿瘤浸润淋巴细胞
（TILs
）增加
。在另一项包含15名黑色素瘤患者的研究中
，6名患者对粪便微生物群移植和抗PD治疗产生了应答
。应答者的肠道微生物群发生了持久的变化
，CD8+ T细胞活性增加
，IL-8表达的髓系细胞减少
。使用益生菌来缓解接受抗生素治疗患者的肠道菌群失调可能是有益的
。虽然我们尚不清楚具体哪些细菌种群与抗PD治疗应答之间的关联
，但一些临床前模型表明
，微生物代谢产物可能通过增加T细胞的IFN-γ产生来发挥作用
。其他机制也被提出
，例如细菌从肠道转移至TME
、癌症抗原与微生物肽之间的交叉反应
，以及癌细胞直接呈递细菌肽
。这些提出的机制表明
，通过先天免疫激活
、淋巴细胞授权或T细胞刺激来增强抗肿瘤免疫反应也在克服抗PD治疗耐药中起着重要作用
。需要在人类癌症患者中进行更多研究
，以确定微生物群是否在耐药机制中发挥关键作用
，如果是
，该如何靶向这一耐药机制
。
表观遗传学与抗PD治疗耐药
与代谢一样
，基因表达的修饰
，表观遗传调控
，是癌细胞和免疫细胞中至关重要的基本细胞过程
。基因表达的调控通过表观遗传修饰因子实现
，包括组蛋白去乙酰化酶
、组蛋白甲基转移酶
、DNA甲基转移酶等
。表观遗传修饰驱动T细胞分化和功能
，从而对抗肿瘤免疫反应产生重要影响
。因此
，表观遗传修饰与癌症免疫治疗有关并不令人惊讶
。选择性表观遗传修饰因子的表达与癌症预后相关
，表观遗传修饰可以增强小鼠的免疫治疗效果
。此外
，由于表观遗传的稳定性
，功能失调的T细胞可能对抗PD治疗产生耐药
。基于临床前研究
，旨在通过表观遗传修饰来增强免疫治疗应答的临床试验正在进行中
，这些方法包括组蛋白去乙酰化酶
、组蛋白甲基转移酶和DNA甲基转移酶的抑制剂
。然而
，目前尚不清楚联合抗PD治疗靶向这一基本细胞过程是否对癌症患者有益
。例如
，组蛋白甲基转移酶Ezh2的阻断可以增加T细胞应答
，也可能降低T细胞对癌症的应答
，这可能是由于对T细胞亚群的差异性影响
。除了Ezh2对T细胞的多效性作用外
，Ezh2的抑制还被证明会削弱树突状细胞
（DCs
）的功能
。目前没有足够的临床证据支持全球表观遗传修饰作为抗PD治疗耐药的机制
。然而
，选择性的表观遗传修饰可能对抗PD治疗的免疫耐药机制起到了贡献
。例如
，非小细胞肺癌
（NSCLC
）患者中已证明通过启动子高甲基化导致新抗原的丧失
。此外
，参与抗原呈递
（如β2微球蛋白
，β2m
）和干扰素信号传导的蛋白质丧失
，以及驱动抗PD治疗耐药的抑制性免疫受体的表达增加
，可能也是通过表观遗传途径调控的
。最后
，表观遗传修饰负责维持T细胞的功能失调或耗竭状态
，从而限制了对抗PD治疗的应答
。
克服抗PD治疗的耐药
克服抗PD治疗的耐药是当前癌症免疫治疗和肿瘤学领域面临的主要挑战之一
。然而
，这一努力应以理解耐药背后的机制为指导
，采取科学驱动的方法
，而不是将现有药物和疗法随意组合
。尽管我们在克服抗PD治疗耐药的过程中仍在不断努力
，且对其理解还不够完善
，但一些基本原则正在显现
，并可用于指导癌症的治疗
。
显而易见
，抗PD治疗主要靶向的是肿瘤微环境
（TME
）
。为了更好地定义TME中的动态变化及其细微差别
，仍需开展更多研究
。因此
，获取组织样本对于研究耐药机制至关重要
。只有在治疗前后进行的纵向活检
，才能区分应答者与非应答者的TME免疫背景差异
。需要新的工具来探究TME中不断演变的免疫反应
。最近
，单细胞技术的进步帮助鉴定了与抗PD治疗应答相关的关键免疫细胞
。但大多数研究仅关注从肿瘤中分离出来并置于悬浮状态的少数细胞群体
，忽略了TME的复杂结构
。新一代组织学技术允许进行单细胞空间蛋白质组学分析
，包括成像质谱细胞计数技
、多重离子束成像和索引共检测技术
（CODEX
）
，这些技术为TME内部的异质性提供了前所未有的空间分辨率
。通过基于组织学的转录组平台
，如数字空间分析和空间转录组学
，基因表达的空间分辨率也揭示了癌症复杂的肿瘤-免疫界面的新见
。这些新工具可能有助于发现与抗PD治疗应答相关的新生物标志物以及耐药机制
。此外
，利用单细胞空间分辨率观察TME可能使我们能够检测到同一肿瘤中同时发生的多种耐药机制
，这些机制在微区域中具有时间和空间的分离性
。
预测性和预后性生物标志物
自免疫生物标志物与癌症预后相关性被发现以来
，包括T细胞浸润和B7-H1表达
，多个标志物已被鉴定
。随着单细胞技术和计算生物学的进步
，新的生物标志物逐渐出现
，帮助根据患者对抗PD治疗的应答进行分类
，提供了重要的预后见解
。尽管肿瘤突变负荷最初被确立为预后性生物标志物
，并可预测抗PD治疗的应答
，但后续研究对肿瘤突变负荷作为抗PD治疗应答标志物的实用性提出了质疑
。不同癌症类型之间以及同一种癌症内部TME的异质性
，是识别具有临床实用性的抗PD治疗应答生物标志物面临的挑战之一
。鉴于免疫逃逸机制的复杂性
，需要识别多个生物标志物
，以便选择最合适的免疫疗法
，单独使用或与抗PD治疗联合使用
。关于这一点我之前也写过一篇文章
“使用Anti-PD-1抗体
，PD-L1是完美Marker吗
？
”网页链接
，有过一定的阐述
，感兴趣的可以去看看
。
联合疗法
克服抗PD治疗耐药的一个关键方法是与其他药物靶点联合使用
，以增强抗肿瘤反应
。抗CTLA-4疗法是最成功的联合疗法之一
，它是转移性黑色素瘤的标准治疗方案
，并且在其他癌症中也显示出疗效
，尽管伴随着更大的毒性
。CTLA-4和PD-1的双重阻断提高了黑色素瘤患者的五年总体生存率
。抗CTLA-4联合疗法的主要缺点之一是严重的全身毒性
，这可能解释了为什么使用这种组合的临床试验数量在下降
，而总体上的联合试验却在增加
。全球正在测试数百种与抗PD治疗联合使用的独特药物组合
。在2020年抗PD治疗临床试验的分析中
，在3,674项正在进行的抗PD治疗试验中
，2,949项
（80%
）为联合治疗试验
。抗PD治疗与253种不同的药物靶点组合进行联合
，包括免疫肿瘤疗法
（如CTLA-4
、溶瘤病毒
、癌症疫苗
、其他免疫抑制分子
）
、靶向疗法
（如VEGF
）
、化疗和放疗
。抗PD治疗临床试验的快速增长
，特别是联合试验
，可能不会在短期内放缓
，尽管全球新冠肺炎大流行
，这一趋势仍在继续
。一些联合治疗策略直接向肿瘤中注入免疫刺激分子
。我们预测
，不幸的是
，许多甚至大多数此类联合临床试验将以失败告终
。原因在于
，要克服TME中的免疫逃逸机制和抗PD治疗耐药
，并优化抗肿瘤免疫反应
，必须有针对性地调控局部免疫功能障碍
。抗PD治疗的成功表明
，这一经验教训至关重要
。靶向TME中局部失调的免疫反应的方法被称为正常化癌症免疫治疗
。各种联用疗法中往往会因为副作用大而导致过多患者停药
，或是不够阳性的OS数据
，这就为康方生物等低毒高效的双抗如AK104
、AK112等的使用留下了空间
。具体也可以参考我的另一篇文章
“为什么是康方生物的双抗
？免疫治疗
：从单靶点单抗到联合治疗再到双抗
”网页链接
，康方生物的双抗可以很好的控制副作用
。
正常化癌症免疫治疗
如上所述
，抗PD治疗是典型的正常化癌症免疫治疗
。肿瘤使用的多种免疫逃逸机制表明
，在TME中存在其他关键的调控因子
，因此迫切需要识别并靶向这些机制
。开发正常化癌症免疫治疗有三个指导原则
。首先
，识别发生在TME中的局部肿瘤免疫逃逸机制
，这与适应性免疫耐药类似
。其次
，选择性地靶向TME中的免疫功能障碍可以限制全身毒性
。最后
，成功靶向局部免疫逃逸机制应当能够将功能失调的免疫反应重编程为正常的抗肿瘤免疫反应
，消灭癌细胞
，并促进组织稳态
。尽管抗PD治疗比其他免疫疗法更符合正常化癌症免疫治疗的这些原则
，但仍不完全符合
。接受抗PD治疗的患者可能会经历全身毒性
，且癌细胞可能无法完全清除
。尽管如此
，正常化癌症免疫治疗的原则应成为未来疗法和合理临床试验设计的理想框架
。
结论
总结一下
，尽管已知PD-1抑制了下游TCR信号通路
，但抗PD治疗的确切有效机制仍大部分未知
。对TME响应抗PD治疗的单细胞分析已经鉴定出了一些可能参与癌症根除的关键机制
。随着对最直接响应抗PD治疗的关键T细胞亚群以及树突状细胞或巨噬细胞亚群的识别
，组织稳态如何恢复或正常化仍不清楚
。在很多方面
，我们对抗PD治疗为何未能根除癌症的了解多于其如何导致长期癌症缓解的了解
。许多抗PD治疗的耐药机制是相互关联且动态的
，因此难以理清
。虽然试图将抗PD治疗的耐药机制划分为免疫
、微生物群
、代谢和表观遗传等离散类别
，以便于理解
，但耐药通常涉及其中多个类别
，复杂程度令人困惑
。未来的研究肯定会发现本文未讨论的额外耐药机制
，新的免疫治疗挑战也需要解决
。许多问题仍然存在
：在单个患者甚至同一患者的单个转移病灶中
，有多少种抗PD治疗机制在同时发挥作用
？克服特定耐药机制的策略可以实施的时间窗口是什么
？我们能否在开始治疗之前识别耐药机制
？除了抗PD治疗之外
，免疫治疗的其他独特耐药机制也需要探讨
，以便制定预防或治疗这些机制的策略并改善临床结果
。尽管如此
，抗PD治疗靶向TME的变革性成功继续为我们带来希望与乐观
，相信医学界
、学术界和工业界将共同合作
，克服这些挑战
。
那么也是希望中国能够多一些康方生物
，百济神州
，信达生物这样的在免疫治疗以及联合治疗抗实体瘤领域的尝试
，尤其是康方生物的多种途径的探索
，不管是AK104和AK112这样的已经比较成熟开始获批临床的双抗
，还是AK117等在推进三期临床的比较新的免疫检查点的药物
，又或是康方生物更新的PD-1/CD-73双抗
、PD-1/LAG-3双抗
、CD73/LAG-3双抗等确实很有魄力和眼光
。也希望多一些成功的治疗方案
，能够让患者有更多更精确更有效更低副作用的选择
。本文仅作学术分享和自我记录
，不构成投资建议
。本文部分内容出自Vesely MD, Zhang T, Chen L. Resistance Mechanisms to Anti-PD Cancer Immunotherapy. Annu Rev Immunol. 2022;40:45-74. doi:10.1146/annurev-immunol-070621-030155
，如有侵权请联系删除
。风险提示
：本文所提到的观点仅代表个人的意见
，所涉及标的不作推荐
，据此买卖
，风险自负
。谢谢大家了
。$康方生物(09926)$@雪球创作者中心#雪球星计划#
补充分析
：按照四种类型
：I型癌症没有肿瘤浸润性T细胞或B7-H1
，II型癌症既有T细胞又有B7-H1
，III型癌症有T细胞但没有B7-H1
，IV型癌症有B7-H1但没有T细胞
。I型
、III型和IV型癌症占所有癌症病例的50%以上
，由于它们缺乏一个或两个关键的靶向需求
，不太可能对抗PD疗法产生反应
。例如
，根据对非小细胞肺癌
（NSCLC
）累积的数据
，57%的这些癌症缺乏肿瘤浸润性T细胞或肿瘤浸润性淋巴细胞
（TILs
）
（45%为I型和12%为IV型
）
。相比之下
，26%的NSCLC有TILs但缺乏B7-H1
（III型
）
，这使得只有17%的NSCLC预计会对抗PD疗法产生反应
，因为它们同时存在TILs和B7-H1
（II型
）
。这种简单的TIME分类方法解释了为什么很大一部分癌症对抗PD疗法没有反应
。目前不管是K药或者其他PD-1/PD-L1单抗
，收益最大的都是既有T细胞又有B7-H1的II型癌症
，但是在NSCLC中只占17%
，而像康方生物这样的多ICI双抗的设计
，如康方生物的AK104
（PD-1/CTLA-4双抗
）
，AK137
（CD73/LAG-3双抗
）等首先就能使有TILs但缺乏B7-H1
（III型
）中的很多获益
，而这一部分在NSCLC中占比为26%
，仅靠这一部分康方生物的受众就有可能会接近翻倍
。其次康方生物AK112
（PD-1/VEGF双抗
）等药物还有能改善肿瘤微环境T细胞浸润的功能
，对于NSCLC中12%为IV型的患者也有可能有大量的受益者
。至于45%的I型NSCLC
，康方生物的多款改善TME的药物联用也提供了免疫疗法获益的可能性
。所以说康方生物的双抗药物绝不是简单的和K药抢市场竞争那么简单
，而是提出了免疫治疗更多的可能性
。"
307253855,2024-10-09 13:33,115,125,3,2/3,https://xueqiu.com/2693678800/307253855,"关于很多人关心的牛市来临康方生物价值的问题，还是说了很多遍的，那就把最近的几个点再重新整理写一下吧。第一点牛市不会错过真的有价值的公司，至于康方生物的价值更不是很多人认为的全靠 AK112，而是由前排的 AK104，AK 112 大双抗，中排的 117 等，至于后排的AK132,AK137双抗更是数不胜数...","立志欲坚不欲锐
，成功在久不在速
：
“牛市
”中的康方生物将何去何从
？
来自TfR1lyxxx快乐鼠鼠的雪球专栏
来源
：雪球App
，作者
： TfR1lyxxx快乐鼠鼠
，
（https://xueqiu.com/2693678800/307253855
）
关于很多人关心的牛市来临康方生物价值的问题
，还是说了很多遍的
，那就把最近的几个点再重新整理写一下吧
。
第一点牛市不会错过真的有价值的公司
，至于康方生物的价值更不是很多人认为的全靠 AK112
，而是由前排的 AK104
，AK 112 大双抗
，中排的 117 等
，至于后排的AK132,AK137双抗更是数不胜数
，同时更有能够源源不断产出 BIC 和 FIC 潜力抗体药物和双抗药物的平台
，从后续跟随模仿者的数目来看就知道康方生物的价值了
，中国之前又有哪些管线可以在国内甚至世界范围内引起这么多的跟随者模仿者前赴后继蜂拥而至
？同时差异化的设计和针对未被满足的临床需求的切入更是做的让人不得不称赞
，至少我个人是非常佩服的
，关于挑战
，敢于创新
，并且取得了一定的成功
，这正是一家成功的Biotech公司的灵魂所必须的特质
。
第二如果没有牛市
，没有牛市更简单了
，康方生物创新高本来就是在熊市做到的
，只需要一个时间点一个时间点去等待
，等待数据
，等待医保结果
，等待销售放量
，等待新的出海
，康方生物的高度肯定不止于此
。不管是SMMT还是康方生物都是做的我基本满意了
，甚至有些略超预期的地方
。
第三关于康方生物在暴力拉升阶段涨幅不及其他公司
，这个其实也说了很多遍了
。首先康方生物是数据推动的
，牛市期间康方只要有足够的利好追上其他涨幅其实也是很容易的
，不过即使不做这种假设
，康方生物其实也不需要去考虑是否在牛市完成利好释放
，因为价值就在那里
，不管牛市还是熊市
。至于真的有些想每波钱都赚到的人
，讲真的觉得自己能那就赶紧换
，留在康方也是难受何必呢
，要换早换
，不要犹豫不决每天怀疑自己
，觉都睡不好就不适合自己了
。
至于还有一部分看空的长空的要么是踏空之前那波的
，要么是想等价格低的时候接回来的
，这些人什么心思想必大家都懂
。不过其实也没必要太去理会
，归根到底是要自己认知
，自己学习
。只不过生物医药尤其是Biotech太容易被被误导
，很多人拿一个缝合的数据出来就可以比较
，其实都是误导
，所以给大家的建议就是还是得多学习
，多了解
，提高认知
，从他人那里看来的说法都只能作为参考
，多去学习提高认知最后的收获才是真正的自己的
。
其实这些大部分都是在飞机上写的
，看到一些人比较迷茫也是希望大家都能找到适合自己的公司
。适合自己的一定是让你不用天天看就可以放心的
，如果觉都睡不好
，一天看好几次盘那绝对不是适合的
。我个人是认为立志欲坚不欲锐
，成功在久不在速
，可持续的价值的提升才是我喜欢的
。风险提示
：本文所提到的观仅代表个人的意见
，所涉及标的不作推荐
，据此买卖
，风险自负
。谢谢大家了
。@雪球创作者中心#雪球星计划#"
304802455,2024-09-17 20:18,175,160,4,2/3,https://xueqiu.com/2693678800/304802455,关于AK112+AK117的适应症探索，康方生物根据自己的临床数据，率先开出了全世界首个实体瘤的CD47适应症三期临床，同时更是直接开出了与现有复发/转移头颈部鳞状细胞癌金标准的K药的头对头临床，那么在这一领域康方生物AK112+AK117究竟前景如何，我们就来借助现有的数据简单分析一下。另外题目中原诗...,"莫待凌云始道高
：简析康方生物AK112+AK117对PD-L1阳性复发/转移头颈部鳞状细胞癌
（R/M HNSCC
）治疗颠覆潜力
来自TfR1lyxxx快乐鼠鼠的雪球专栏
来源
：雪球App
，作者
： TfR1lyxxx快乐鼠鼠
，
（https://xueqiu.com/2693678800/304802455
）
关于AK112+AK117的适应症探索
，康方生物根据自己的临床数据
，率先开出了全世界首个实体瘤的CD47适应症三期临床
，同时更是直接开出了与现有复发/转移头颈部鳞状细胞癌金标准的K药的头对头临床
，那么在这一领域康方生物AK112+AK117究竟前景如何
，我们就来借助现有的数据简单分析一下
。另外题目中原诗句为
“直待凌云始道高
”
，我认为康方还没有发展到究极体
，故化用为莫待凌云始道高
。
首先看看背景
，背景如下
，头颈部鳞状细胞癌
（HNSCC
）每年在全球新增约60万例
，其中约60%的患者预计能够生存超过5年
，这一生存率多年来并无显著改善
。多年来
，吸烟和酗酒一直被认为是HNSCC的主要风险因素
，直到近年来
，才发现人乳头瘤病毒
（HPV
）感染也是导致口咽鳞状细胞癌的独立风险因素
。HPV阳性的HNSCC更常见于年轻患者群体
，其生存率比HPV阴性患者高出54%
，而HPV阴性HNSCC通常与吸烟和酗酒密切相关
。目前
，治疗HNSCC的常规方法包括两种
：① 以手术为主
，并根据患者风险情况进行辅助放疗
（RT
）或放化疗
（CRT
）
；② 直接采用根治性CRT
。对于HPV阳性患者
，手术联合辅助治疗或根治性CRT可以达到较高的治愈率
，而HPV阴性患者则常表现出较高的治疗耐药性
。由于HPV阳性患者生存期更长
，可能面临根治性CRT带来的长期毒性
，因此
，降低放疗或化疗强度的策略引起了广泛关注
，并在多个临床试验中得到积极探索
。无论HPV状态如何
，复发性或转移性
（R/M
）HNSCC的治疗更具挑战
，只有约三分之一的患者对治疗有反应
，中位生存期仅为6到8个月
。
接着先看一下K药是如何成为复发/转移头颈部鳞状细胞癌治疗的金标准的
。自20世纪90年代以来
，含铂双药化疗方案被确立为复发/转移性头颈鳞状细胞癌
（HNSCC
）的一线标准治疗
，然而其对患者生存的提升有限
，中位生存期仅为5.0至8.7个月
。随着多学科治疗手段和分子靶向疗法的发展
，西妥昔单抗
（Anti-EGFR
）与铂类药物及5-FU的联合治疗使中位生存期延长至10.1个月
，但患者的总体预后仍有待进一步改善
。相比之下
，O药和K药的临床试验在安全性和有效性方面展示了更加令人期待的结果
，包括客观反应率
（ORR
）
、总生存期
（OS
）
、无进展生存期
（PFS
）以及不良事件
。CHECKMATE-141是针对361例复发或转移性
（R/M
）HNSCC患者的3期随机试验
，显示O药组的OS
（7.5个月
，95%CI
：5.5-9.1
）相比标准化疗组
（5.1个月
，95%CI
：4.0-6.0
）更为延长
，OS的HR为0.70
。在24个月的随访中
，这一趋势依旧明显
，O药组的ORR为16.9%
（95%CI
：12.4%-22.0%
）
，而化疗组为6.0%
（95%CI
：2.7%-11.3%
）
；中位生存期分别为7.7个月
（95%CI
：5.7-8.8
）和5.1个月
（95%CI
：4.0-6.2
）
。在KEYNOTE-040
（随机
、开放标签的3期试验
，n=495
）中
，尽管K药表现出一定的临床益处
，但该研究未能达到设定的生存终点
，分别为8.4个月
（95%CI
：6.4-9.4
）对6.9个月
（95%CI
：5.9-8.0
）
，可能因为组间存在交叉
。然而
，近期R/M一线治疗的3期临床试验KEYNOTE-048
（随机
、开放标签
，n=882
）表明
，K药单药治疗相比西妥昔单抗联合化疗显著延长了PD-L1阳性HNSCC患者的生存期
（CPS>20
，14.9m对10.7m
，HR 0.61
，95%CI
：0.45-0.83
，P=0.0007
；CPS>1
，12.3m vs10.3m
，HR 0.78
，95%CI
：0.64-0.96
，P=0.0086
）
。此外
，K药联合化疗在PD-L1状态无论如何的情况下
，均显著优于西妥昔单抗联合化疗
（13.0个月对10.7个月
，HR 0.77
，95%CI
：0.63-0.93
，P=0.0034
）
。
紧接着再重点关注一下在PD-L1 CPS ≥1也就是康方生物未来开展头对头的基线分组中对手的表现
，其中K药单药在PD-L1 CPS ≥1 亚组中ORR仅为19%
，而mPFS则仅为3.2m
，而康方生物的AK112
（n=10
）的数据为ORR30%
，DCR 80.0%
，mPFS 5m
，而AK117+AK112联用
（n=20
）
，ORR为60%
，DCR为90%
，mPFS达7.1m
。AK112在不联用AK117的情况下ORR就远超K药单药
，PFS更是可以和K+化疗
（5.0m左右
）的数据相媲美
，而AK112+AK117的组合不管是在ORR还是mPFS上都可以说是远超K或者K+化疗
（ORR50%左右
，mPFS 5.0m左右
）的联用
。同时在安全性上
，K药单药组的3级及以上TRAE发生率是55%
，K+化疗为83%
，西妥昔单抗组+化疗为85%
，而康方生物的AK112单药和AK112+AK117的组合则是20
（66.6%
）名患者发生TRAE
，但仅仅只有1名患者经历了3-4级TRAE
。没有因TRAE而导致治疗中断或死亡
。最常见的TRAE是蛋白尿和甲状腺功能减退症
。安全性远超K药
，更是把K+化疗远远的甩在了身后
，可以说目前来看是十分具有去化疗潜力的一种治疗方案
，而这种去化疗的意义自然不必多说
，将会是对阳性复发/转移头颈部鳞状细胞癌治疗格局的一场颠覆
。
图片来源
：Burtness B, Harrington KJ, Greil R, et al. Pembrolizumab alone or with chemotherapy versus cetuximab with chemotherapy for recurrent or metastatic squamous cell carcinoma of the head and neck (KEYNOTE-048): a randomised, open-label, phase 3 study [published correction appears in Lancet. 2020 Jan 25;395(10220):272. doi: 10.1016/S0140-6736(20)30116-1]
当然其他企业也没有闲着
，在这一适应症虽然目前没有数据能超过康方生物AK112+AK117的
，但也有稍微接近一点的
，比如说在2024年ASCO会议上
，Merus公司公布了的EGFR/LGR5双特异性抗体药物petosemtamab
。在1500 mg/kg剂量下
，petosemtamab联合K药用于头颈部鳞状细胞癌一线治疗的响应率达到67%
，确认的客观缓解率
（ORR
）为50%
，且安全性表现良好
。当然
，目前看还是和康方生物有一定差距的
，不过也算有所突破
。
总结一下
，康方生物AK112+AK117的组合是全世界第一款CD47靶点在实体瘤的三期临床尝试
，具有重大意义
，AK112+AK117的优势我已经说过很多次了
，还不知道的可以去看看我
“中国下一家Biopharma康方生物的登阶之路
（含中报简析
）
”网页链接这篇帖子
，我这里也简单引用一段
，
“首先是112+117 VS K药的在PD-L1阳性头颈鳞癌的头对头
，我认为这是康方在去化疗治疗上的一次自己的理解和勇敢的尝试
，目前K+化还是一定程度上的金标准
，但是一方面K+ADC等ICI+ADC的组合已经在尝试去化疗
，但是ICI+ADC中的ADC还是毒性较大
，那么有没有其他的去化疗路径呢
？康方再一次给出了不一样的尝试
，那就是血管正常化治疗+特异性免疫ICI+非特异性ICI
，AK112是血管正常化治疗+主要靶向特异性免疫通路中的T细胞的PD-1的双特异性抗体药物
，这一部分在我之前两篇文章
“从AK112看康方生物对目前的免疫治疗联合血管正常化治疗的未满足领域的补充和基石药物的迭代
”网页链接和
“补充一下为什么说AK112满足了之前未被满足的免疫治疗+血管正常化治疗的需求
。
”网页链接都有详细介绍
，可以说在这一领域康方的AK112属于独领风骚
。而AK117这一药物我也详细写文章解读过
“历经风浪的CD47
：AK117的优势究竟在哪里
？
”网页链接它的原理则是靶向在非特异性免疫中的CD47-SIRPα这一重要通路
，促进巨噬细胞等吞噬细胞对肿瘤细胞的吞噬
，AK117在这一领域也是全球第一梯队
，此临床也是CD47靶点在实体瘤领域的全球首个三期
。作用上AK117阻断CD47-SIRPα相互作用可以有效促进巨噬细胞等吞噬细胞对肿瘤细胞的吞噬
，并通过抗原呈递细胞将肿瘤抗原处理并交叉呈递给T细胞
，从而激活适应性免疫反应
。此外
，阻断CD47还可以促进其他免疫细胞向肿瘤部位的募集
，以协同增强先天性和适应性免疫反应
，CD47阻断还通过树突状细胞触发T细胞反应
，激活适应性免疫系统
，从而协同AK112更好的发挥作用
。不得不说这是一次大胆但非常值得的尝试
，适应症的2期数据已经看见了
，管理层也一定是在看了数据觉得可行后才开了这个三期
，非常期待详细数据
。
”看过的可以跳过
，不用再看了
，总结看来以目前的数据看康方生物AK112+AK117的组合在PD-L1阳性复发/转移头颈部鳞状细胞癌
（R/M HNSCC
）中还是很具有优势的
，拥有着去化疗的潜力
，存在着对这一适应症治疗方案颠覆的很大的可能性
，十分值得期待后续临床的进展
。同时也期待SMMT未来能够在海外开出相应的global临床大三期
，扩大AK112在海外的适应症的同时
，也继续推动AK117的出海
。
本文仅作学术分享
，学术交流
，不构成投资建议
。部分内容出自Forastiere AA, Metch B, Schuller DE, et al. Randomized comparison of cisplatin plus fluorouracil and carboplatin plus fluorouracil versus methotrexate in advanced squamous-cell carcinoma of the head and neck: a Southwest Oncology Group study. J Clin Oncol. 1992;10(8):1245-1251. doi:10.1200/JCO.1992.10.8.1245以及Gibson MK, Li Y, Murphy B, et al. Randomized phase III evaluation of cisplatin plus fluorouracil versus cisplatin plus paclitaxel in advanced head and neck cancer (E1395): an intergroup trial of the Eastern Cooperative Oncology Group. J Clin Oncol. 2005;23(15):3562-3567. doi:10.1200/JCO.2005.01.057还有Vermorken JB, Mesia R, Rivera F, et al. Platinum-based chemotherapy plus cetuximab in head and neck cancer. N Engl J Med. 2008;359(11):1116-1127. doi:10.1056/NEJMoa0802656 和Burtness B, Harrington KJ, Greil R, et al. Pembrolizumab alone or with chemotherapy versus cetuximab with chemotherapy for recurrent or metastatic squamous cell carcinoma of the head and neck (KEYNOTE-048): a randomised, open-label, phase 3 study [published correction appears in Lancet. 2020 Jan 25;395(10220):272. doi: 10.1016/S0140-6736(20)30116-1]还包括了Merus的官网和Evaluation of the safety and efficacy of ivonescimab in combination with ligufalimab as first-line treatment for PD-L1 positive recurrent/metastasis head and neck squamous cell carcinoma (R/M HNSCC)此外当然有康方生物的官网
，如有侵权请联系删除
。风险提示
：本文所提到的观点仅代表个人的意见
，所涉及标的不作推荐
，据此买卖
，风险自负
。谢谢大家
。$康方生物(09926)$@雪球创作者中心#雪球星计划#"
304606852,2024-09-13 18:58,243,769,17,2/3,https://xueqiu.com/2693678800/304606852,写在前面，康方生物AK112+AK117一直是我极为看好且关注的联用组合，这次ESMO大会披露的各项数据也是让我非常高兴，可以很清晰的看到康方生物AK112+AK117未来的光明的前景，本文背景很长，可能对非专业出身有些难度，不过我也尽量在后面进行了总结。题目中诗句原为时人不识凌云木，我觉得过于含有抱...,"时人当识凌云木
：简析康方生物AK112+AK117对MSS CRC治疗的迭代潜力
来自TfR1lyxxx快乐鼠鼠的雪球专栏
来源
：雪球App
，作者
： TfR1lyxxx快乐鼠鼠
，
（https://xueqiu.com/2693678800/304606852
）
写在前面
，康方生物AK112+AK117一直是我极为看好且关注的联用组合
，这次ESMO大会披露的各项数据也是让我非常高兴
，可以很清晰的看到康方生物AK112+AK117未来的光明的前景
，本文背景很长
，可能对非专业出身有些难度
，不过我也尽量在后面进行了总结
。题目中诗句原为时人不识凌云木
，我觉得过于含有抱怨和攻击性了
，于是稍作更改
，化为了时人当识凌云木
。
那么先看看背景
，免疫检查点抑制剂
（ICIs
）的使用彻底改变了癌症治疗
，尤其是在免疫炎症性肿瘤和高突变负荷的肿瘤中
，如微卫星不稳定
（microsatellite instable
，MSI
）的结直肠癌
（colorectal cancer
，CRC
）
。然而
，它们在微卫星稳定型
（microsatellite stable
，MSS
）CRC中的疗效有限,MSS CRC占了患者数并不比肺癌少多少的结直肠癌的80%以上
。ICIs单药治疗或ICIs联合ICIs的组合在MSS CRC患者中显示出有限的临床活性
，大多数研究中的总体反应率
（ORR
）低于10%
。ICIs与酪氨酸激酶抑制剂
（TKI
）的联合治疗的ORR范围为10%至40%
，并且对患者
（尤其是没有活动性肝转移的患者
）表现出更高的益处
。ICIs与抗VEGF药物的联合治疗显示出适度的ORR
，尤其是在早期治疗线和与化疗联合时
。尽管这些组合可能带来适度的改善
，但尚未明确定义长期获益的生物标志物
。涉及BRAF抑制剂与ICIs联合的研究显示
，在分子定义的亚组中
，联合治疗的反应前景乐观
。总之
，尽管ICIs单药治疗在MSS CRC中的疗效有限
，但联合治疗策略有望提高生存率
。目前业内认为进一步的研究有必要以确定最佳的联合治疗方法
、治疗反应的预测生物标志物
，以及识别肿瘤分子特征为目的进行探索
。
免疫治疗成为癌症治疗的支柱
，并在过去十年中显著改变了癌症治疗的格局
。免疫检查点抑制剂
（ICIs
）作为一种免疫治疗药物
，通过调节免疫检查点释放免疫系统的
“刹车
”
，开启了免疫治疗的新时代
。ICIs的益处在免疫炎性肿瘤患者中尤为显著
，如黑色素瘤
、非小细胞肺癌和肾细胞癌
，以及具有高突变负荷
、伴随大量新抗原的肿瘤
。相较之下
，ICIs在免疫
“冷
”肿瘤和低突变负荷肿瘤患者中的疗效有限
。微卫星不稳定性高
（Microsatellite instability-high
，MSI-H
）的结直肠癌
（CRC
）是最早展示出ICIs益处的肿瘤之一
。在使用帕博利珠单抗
（K药
）单药治疗的CRC患者的应答率为40%
，其中大部分患者为经过多次治疗的CRC患者
。而在该研究的扩展队列更新中
，转移性MSI-H CRC患者的应答率超过了50%
。这一疗效在更大规模的研究和长期随访中得到证实
，表明MSI-H CRC患者通过ICIs可以实现高度持久的疾病控制
。MSI-H CRC的肿瘤突变负荷较高
，平均为46.8个突变/百万碱基对
，这种由于移码突变导致的高突变负荷引发了大量新抗原的产生和表达
，成为MSI-H CRC高ICIs疗效的基础
。虽然ICIs已成为MSI-H CRC患者的标准治疗方法
，早期研究显示
，ICIs对微卫星稳定
（MSS
）的CRC患者
，特别是ICIs单药治疗
，疗效非常有限
。MSS CRC的分子发病机制和肿瘤微环境
（TME
）与MSI CRC存在显著差异
。MSS CRC的肿瘤突变负荷明显低于MSI-H CRC
。此外
，MSS CRC中的TME更具免疫抑制性
，且免疫耗竭更加显著
。
在免疫检查点抑制剂单药或双联治疗中
，大多数研究的主要结果为客观缓解率
（ORR
）
，除Botensilimab单抗
（CTLA-4
）联合balstilimab单抗
（PD-1
）的组合外
，所有研究的ORR均低于10%
。疾病控制率
（DCR
）在11%到73%之间
。ICI单药治疗未显示显著的临床活性
，在使用K药或O药的两项研究中均未观察到客观缓解
。然而
，在ANICCA研究中
，评估O药单药治疗肿瘤特异性主要组织相容性复合物II
（tsMHC-II
）阳性MSS CRC的患者中
，38%的无肝转移患者在18周及以上继续接受O药单抗治疗
。再看看ICIs双联治疗的临床试验
。在Botensilimab单抗
（CTLA-4
）联合balstilimab单抗
（PD-1
）的研究中
，ORR和DCR分别为22%和73%
。更新数据中
，有无活跃肝转移患者的ORR分别为0%和23%
。在一项随机II期研究中
，评估了度伐利尤单抗
（PD-L1
）联合曲美木单抗
（CTLA-4
）与最佳支持治疗作为对照组的疗效
，其中一名MSS患者显示部分缓解
（PR
）
，持续超过21个月
。在同一研究中
，突变负荷较高
（28Mb或以上
）的患者从ICI治疗中获得了最大的OS
（总生存
）获益
。
图片来源
：Guven DC, Kavgaci G, Erul E, et al. The Efficacy of Immune Checkpoint Inhibitors in Microsatellite Stable Colorectal Cancer: A Systematic Review. Oncologist. 2024;29(5):e580-e600. doi:10.1093/oncolo/oyae013
在免疫检查点抑制剂与酪氨酸激酶抑制剂
（TKI
）组合中
，瑞戈非尼
（TKI
）是这些研究中最常用的药物
。在可用的研究中
，瑞戈非尼
（Regorafenib
）的II期推荐剂量为80-120 mg
。这些与瑞戈非尼等联用的研究的结果不一
。在日本进行的Regonivo研究包括胃癌和CRC患者
。对于MSS CRC患者
，ORR为33.3%
，而在美国进行的类似设计研究中
，ORR就仅仅为7%了
。此外
，在Regonivo研究中
，63.6%的肺部靶病灶有反应
，而肝靶病灶的反应率为8.3%
。类似设计的Regomune研究中
，瑞戈非尼联合阿维鲁单抗
（PD-L1
）在48名患者中未见反应
。中位无进展生存期
（PFS
）在LEAP-005
（K药+仑伐替尼
，可乐组合
）研究中为2.3个月
，而在Regonivo研究中为7.9个月
。组合治疗的3级或更高不良事件比例不一
，部分研究报告的3级或更高不良事件比例高达90%
。
图片来源
：Guven DC, Kavgaci G, Erul E, et al. The Efficacy of Immune Checkpoint Inhibitors in Microsatellite Stable Colorectal Cancer: A Systematic Review. Oncologist. 2024;29(5):e580-e600. doi:10.1093/oncolo/oyae013
接着是在免疫检查点抑制剂与化疗组合中
，三项研究在二线或更晚阶段使用卡培他滨或呋喃氟尿嘧啶-替吡嘧啶
（TPI
）
，而四项研究在一线使用化疗组合
。五项研究使用贝伐单抗联合化疗和ICIs
。AtezoTRIBE和Checkmate 9×8研究为随机II期研究
，其余为单臂I/II期研究
。这些随机研究在一线纳入了MSI-H和MSS CRC患者
，主要终点为PFS
。在MSS亚组中
，两项研究的主要结果均为阴性
。在Checkmate 9×8研究中
，根据CMS亚型的亚组分析显示
，在CMS1或CMS3疾病患者中
，12个月随访后PFS有所改善
。最后
，在MEDITREME试验的初步结果中
，FOLFOX联合度伐利尤单抗
（PD-L1
）和曲美木单抗
（CTLA-4
）作为一线治疗的患者ORR为61%
，KRAS突变型CRC患者的PFS为8.4个月
。
图片来源
：Guven DC, Kavgaci G, Erul E, et al. The Efficacy of Immune Checkpoint Inhibitors in Microsatellite Stable Colorectal Cancer: A Systematic Review. Oncologist. 2024;29(5):e580-e600. doi:10.1093/oncolo/oyae013
当然除了ICI单药
、ICI-TKI和ICI化疗组合外
，还有一些其他药物的组合
。如BRAF或MEK抑制剂在4项MSS CRC患者的研究中与ICIs联合测试
。在早期研究之一中
，康奈非尼
（BRAF V600突变
）
、西妥昔单抗
（EGFR
）和O药的组合在化疗耐药的不可切除或转移性MSS
、BRAF-V600E突变型CRC患者中显示ORR为45%
，而在IMblaze 370研究中
，阿替利珠单抗
（PD-L1
）联合考比替尼
（BRAF V600突变
）在既往治疗的转移性MSS CRC患者中的ORR为3%
。
总结一下背景
，具有微卫星稳定
（MSS
）的结直肠癌
（CRC
）患者由于治疗选择有限和疾病的高发率
，是ICI
（免疫检查点抑制剂
）临床试验的重要靶向人群
。然而
，不同于热肿瘤
，MSS CRC中ICI单药疗法的有效性在先前的临床试验中被发现是有限的
，尤其是在疾病晚期
，大多治疗方式ORR都小于20%
，少部分在20%-50%之间
，极少更高
。与ICI单药疗法和ICI+ICI组合的有限疗效相比
，ICI与抗VEGF药物的组合在多项研究中显示了不同的结果
。VEGF通路在肿瘤微环境
（TME
）中起着创造和维持免疫抑制的关键作用
。肿瘤相关巨噬细胞通过VEGF的过度表达
，导致TGF-β分泌增加
、上皮-间质转化激活以及树突状细胞成熟受损
。这些因素可能导致TME中的免疫耗竭
，从而降低ICI的疗效
。因此
，联合抗VEGF药物与ICI以产生协同的免疫激活成为提高ICI疗效的工具
。VEGF信号在CRC细胞系的迁移和侵袭中起作用
，VEGF的耗竭显著降低了表皮生长因子受体
（EGFR
）
、cMET以及磷酸化的粘附斑激酶的水平
，这些都是侵袭和运动的重要因素
。此外
，VEGF水平的增加与肝转移相关
，抑制VEGF可减弱STAT3的磷酸化
、增殖和转移
。肝转移是CRC转移性患者中最常见的转移部位
，并且在多项试验中
，肝转移与MSS CRC患者对ICI的耐药性相关
。这表明肝转移可能具有超越VEGF信号增加的其他生物学特征
，这些特征会影响免疫反应并削弱抗肿瘤免疫力
。考虑到这些因素
，在没有肝转移的患者中靶向VEGF通路并结合ICI具有强大的生物学合理性
。
以上这都为康方生物AK112的使用留下了空间留下了未被满足的临床需求
，有理由相信AK112会成为最好的MSS CRC的ICI治疗基石
。那么至于AK117
，在这里我认为是放大AK112的作用
，和AK112相辅相成
，这一点我在
“中国下一家Biopharma康方生物的登阶之路
（含中报简析
）
”网页链接中有写过
，AK112+AK117是血管正常化治疗+特异性免疫ICI+非特异性ICI
，AK112是血管正常化治疗+主要靶向特异性免疫通路中的T细胞的PD-1的双特异性抗体药物
，这一部分在我之前两篇文章
“从AK112看康方生物对目前的免疫治疗联合血管正常化治疗的未满足领域的补充和基石药物的迭代
”网页链接和
“补充一下为什么说AK112满足了之前未被满足的免疫治疗+血管正常化治疗的需求
。
”网页链接都有详细介绍
，可以说在这一领域康方的AK112属于独领风骚
。而AK117这一药物我也详细写文章解读过
“历经风浪的CD47
：AK117的优势究竟在哪里
？
”网页链接它的原理则是靶向在非特异性免疫中的CD47-SIRPα这一重要通路
，促进巨噬细胞等吞噬细胞对肿瘤细胞的吞噬
，AK117在这一领域也是全球第一梯队
，此临床也是CD47靶点在实体瘤领域的全球首个三期
。作用上AK117阻断CD47-SIRPα相互作用可以有效促进巨噬细胞等吞噬细胞对肿瘤细胞的吞噬
，并通过抗原呈递细胞将肿瘤抗原处理并交叉呈递给T细胞
，从而激活适应性免疫反应
。此外
，阻断CD47还可以促进其他免疫细胞向肿瘤部位的募集
，以协同增强先天性和适应性免疫反应
，CD47阻断还通过树突状细胞触发T细胞反应
，激活适应性免疫系统
，从而协同AK112更好的发挥作用
。
那么这个时候再让我们看一下康方生物AK112+AK117在转移性结直肠癌一线
（除 1 例患者状态不明外
，其余患者均为 MSS
）治疗的 2 期研究数据
。患者被1比1随机分配接受 FOLFOXIRI + 依沃西 (A 组) 或 FOLFOXIRI +依沃西 +莱法利 (B 组) 治疗
，最多 8 个周期
，然后用 5-氟尿嘧啶 +依沃西联合 (B 组) 或不联合莱法利 (A 组) 进行维持治疗
。主要终点是客观缓解率 (ORR) 和安全性
。A 组的 ORR 为 81.8%
（18/22
）
，B 组的 ORR 为 88.2%
（15/17
）
。这两组的疾病控制率
（DCR
）均为 100%
。中位无进展生存期
（PFS
）和总生存期尚未成熟
。A 组 9 个月的 PFS 率为 81.4%
（95% CI
：52.1%-93.7%
）
，B 组则为 86.2%
（95% CI
：55%-96.4%
）
。A 组有 18 名患者
（81.8%
） B 组有 18 名患者
（100%
）出现至少一次治疗相关不良事件 (TRAE)
；只有B 组中有 1 名患者因 TRAE 停止治疗
。A 组中有 12 名 (54.5%) 患者 B 组中有 8 名 (44.4%) 患者出现过 ≥3 级的 TRAE,最常见的 3/4 级 TRAE包括中性粒细胞计数减少
、白细胞计数减少
、腹泻和高血压
。那么可以看到在安全性尚可的情况下
，AK112+AK117实现了对现有疗法大多治疗方式
（ORR都小于20%
，少部分在20%-50%之间
，极少更高
）的碾压
，那么有人说AK117是不是没用了呢
？其实也并非如此
，首先AK112效果就已经很好了
，AK117能再提升一点就已经很好了
，另外AK117属于纯粹的免疫治疗
，有可能会在比较靠后的时间节点的OS上显现出自己更大的优势
，也是非常值得期待的
。也是很期待康方生物的AK112+AK117在MSS CRC的后续三期临床尽快的推进
，以及后续的数据
。
写在后面
，看到AK112和AK117能够在占比至少80%且有着巨大的未被满足的临床需求的MSS CRC能取得这样的疗效真的是很让人高兴的
。结直肠癌作为不比肺癌少多少患者的适应症
，MSS CRC更是一片对AK112+AK117来说的蓝海
，再结合SMMT高层最近的发言
，对MSS CRC未来global 临床的看好
，可以预见
，AK112+AK117的组合在MSS CRC的治疗将成为肺癌后的AK112的另一大出海方向
，这一组合也拥有着对MSS CRC治疗的迭代潜力
，让人万分期待
。
本文仅作学术分享
，不构成投资建议
。本文部分内容出自Guven DC, Kavgaci G, Erul E, et al. The Efficacy of Immune Checkpoint Inhibitors in Microsatellite Stable Colorectal Cancer: A Systematic Review. Oncologist. 2024;29(5):e580-e600. doi:10.1093/oncolo/oyae013
，The efficacy and safety of ivonescimab with or without ligufalimab in combination with FOLFOXIRI as first-line (1L) treatment for metastatic colorectal cancer (mCRC)
，康方生物官网
，以及SMMT官网
，如有侵权
，请联系删除
。风险提示
：本文所提到的观点仅代表个人的意见
，所涉及标的不作推荐
，据此买卖
，风险自负
。谢谢大家
，也希望可以和大家多多交流
，互相学习
。$康方生物(09926)$@雪球创作者中心#雪球星计划#"
304330004,2024-09-11 18:16,109,79,4,2/3,https://xueqiu.com/2693678800/304330004,最近有一波又一波的投资人向康方生物和SMMT的高层提出了这样那样的问题，我其实不是很喜欢拉高高层话语中隐含的预期，但是很多人问了，就从另一个角度来试着分析一下。首先来看看大家比较关心的第一个点：AK112的联用，在这个问题上其实国内已经推了不少临床了，进度最快的也是最重磅的一定是...,"自明及晦
，所行几里
？简析海内外投资者对康方生物和SMMT关心的问题
。
来自TfR1lyxxx快乐鼠鼠的雪球专栏
来源
：雪球App
，作者
： TfR1lyxxx快乐鼠鼠
，
（https://xueqiu.com/2693678800/304330004
）
最近有一波又一波的投资人向康方生物和SMMT的高层提出了这样那样的问题
，我其实不是很喜欢拉高高层话语中隐含的预期
，但是很多人问了
，就从另一个角度来试着分析一下
。
首先来看看大家比较关心的第一个点
：AK112的联用
，在这个问题上其实国内已经推了不少临床了
，进度最快的也是最重磅的一定是和AK117的联用
，这种联用的重要意义我之前就已经讲过
，具体可见
“中国下一家Biopharma康方生物的登阶之路
（含中报简析
）
”网页链接这篇文章
。除此之外
，康方生物还开展了和AK104
，以及AK119(CD73),AK127(TIGIT),AK130(TIGIT/TGF-β)以及未来的ADC联用
，但是论进度也就是AK117最快了
，而SMMT也是积极回应了联用的问题
，也是说了要参考康方生物的联用
，那么目前看康方生物的AK112还是以与自研药物联用为主的方式联用
，那么SMMT将来也将大概率帮助康方AK117或者其他自研药物出海
。当然也不排除只是说说
，不过随着AK112+AK117的数据的愈发揭露
，这个几率显然在不断增大
。
第二个比较重要的点呢
，则是AK112其他适应症的开拓
，尤其是global三期其他适应症的开拓
，关于这一点呢
，感觉高层们都是比较有信心的
，除了肺癌NSCLC的围手术期和PD-L1的高表达NSCLC
，也对非肺癌保持了积极的开拓
，或许不久后我们能看到SMMT开出的非肺癌适应症的global三期临床
。此外关于新开的HARMONi-7也就是和K药头对头的PD-L1的高表达NSCLC
，能否使用一部分国内数据
，高层也是给出了积极的态度和回应
，只能说至少值得期待
。
至于第三点
，则是我早就提到的生物标志物(Marker)的问题
，这个问题可以先看看我这篇文章
“使用Anti-PD-1抗体
，PD-L1是完美Marker吗
？
”网页链接其实已经有过一些探讨
。可以确定的是目前由MSD所创立的PD-L1分级制度肯定不是完美的
，而康方和SMMT也在探索新的标志物
，也是希望他们能够有所突破
。毕竟一旦发现新的标志物
，免疫治疗的格局将会被完全改变
。
这次主要想聊的其实就是这三点
，至于PFS和OS的转化
，我已经聊过很多次了
，AK112的文章也写了很多篇了
，可以直接看
“从AK112看康方生物对目前的免疫治疗联合血管正常化治疗的未满足领域的补充和基石药物的迭代
”网页链接
，
“补充一下为什么说AK112满足了之前未被满足的免疫治疗+血管正常化治疗的需求
。
”网页链接 和
“卧龙终得雨
：康方生物AK112头对头K药WCLC一线PD-L1阳性NSCLC数据解析
”网页链接 这几篇
，最近比较关注AK112和AK117的联用数据
，之后可能会等ESMO结束后写一篇
，这其中AK117的优势我在
“历经风浪的CD47
：AK117的优势究竟在哪里
？
”网页链接 里也有写到
，其实也是很有突破的
，也是非常具有意义的
。本文观点仅作学术记录分享
，不构成投资建议
。本文部分内容出自康方生物官网和SMMT官网
，如有侵权请联系删除
。风险提示
：本文所提到的观点仅代表个人的意见
，所涉及标的不作推荐
，据此买卖
，风险自负
。希望和大家多多交流
，互相学习
，谢谢大家
。$康方生物(09926)$$Summit Therapeutics(SMMT)$$默沙东(MRK)$@雪球创作者中心#雪球星计划#"
304048775,2024-09-09 16:18,143,243,15,2/3,https://xueqiu.com/2693678800/304048775,WCLC数据出来后想必大家都看了很多分析了，不得不说，康方又一次超出了我的预期的好，我个人预期是全组PFS接近翻倍，HR0.55左右，这次的数据可以说是略超我的预期。让我也有些兴奋。那么接下来就看看数据具体如何，和大家分析一下，分享一下。在分析数据前，可以看看我之前发的文章“安能行叹...,"卧龙终得雨
：康方生物AK112头对头K药WCLC一线PD-L1阳性NSCLC数据解析
来自TfR1lyxxx快乐鼠鼠的雪球专栏
来源
：雪球App
，作者
： TfR1lyxxx快乐鼠鼠
，
（https://xueqiu.com/2693678800/304048775
）
WCLC数据出来后想必大家都看了很多分析了
，不得不说
，康方又一次超出了我的预期的好
，我个人预期是全组PFS接近翻倍
，HR0.55左右
，这次的数据可以说是略超我的预期
。让我也有些兴奋
。那么接下来就看看数据具体如何
，和大家分析一下
，分享一下
。
在分析数据前
，可以看看我之前发的文章
“安能行叹复坐愁—投资Biotech心态
（以康方生物WCLC数据公布前为例
）
”网页链接这篇文章已经把要分析的条目列好了
，分别是PFS的延长的数值
，PFS的质量包括分组和对照组K药PFS的长度
，以及最后的HR
，本文也将主要从这几个角度来分析
。
先看全组的数据
，AK112 (Ivonescimab) VS K药(Pembrolizumab) mPFS 11.4 m VS 5.82 m 近乎翻倍延长了5-6个月
，这是惊人的成绩
，甚至可以与K药+化疗的联用效果相当
。紧接着看看PFS的质量
，K药的PFS到了5.82m
，属于正常的范围
，global相似条件下一般也就5.5-7m的PFS
，亚洲人群可能会偏高一点点
，但是看后续分组
，是因为脑转移的比例稍微高了一点(15-20%)
，但也在正常范围内
。最后则是HR
，全组HR0.51略超我的预期
，大大增加了OS阳性的可能性
。
图片来源
：康方生物WCLC Phase 3 Study of Ivonescimab (AK112) vs. Pembrolizumab as First-line Treatment for PD-L1 positive Advanced NSCLC: HARMONi-2
那么再看各分组的HR
，PD-L1低表达(1-49%) HR为0.54基本符合预期
，PD-L1高表达(≥50%) HR0.46
，这个很不一般
，首先PD-L1高表达(≥50%)本身就是K药最强的分组
，也是K药单药使用最多的分组
，这个分组以这样的HR击败K药
，可以说是在K药最强的领域击败了K药
，数据一出SMMT就宣布了要开global 一线PD-L1高表达(≥50%) NSCLC的三期大临床
，可见这一数据的重要性和成功之后带给高层们的信心
。至于鳞癌0.48的HR则大大增加了现在鳞癌global头对头大三期的成功性
，这一数据也至关重要
。至于非鳞癌的0.54的HR则属于预期内的好
。
图片来源
：康方生物WCLC Phase 3 Study of Ivonescimab (AK112) vs. Pembrolizumab as First-line Treatment for PD-L1 positive Advanced NSCLC: HARMONi-2
接着来看一下亚组组成
，除了之前提到的脑转移比例稍高
，脑转移确实是AK112独占鳌头的分组
，目前还没有什么药物能和AK112比较
，再比较值得关注的是鳞癌
，中央鳞癌72.2%的比例
，伴有空洞或者坏死的是10%
，肿瘤包裹大血管的是6.7%
，这三个基本都是原来抗血管生成血管正常化治疗的禁区
，AK112这次可以说是完全满足了这部分患者未被满足的需求
。具体可以参考我之前的两篇文章
“从AK112看康方生物对目前的免疫治疗联合血管正常化治疗的未满足领域的补充和基石药物的迭代
”网页链接和
“补充一下为什么说AK112满足了之前未被满足的免疫治疗+血管正常化治疗的需求
。
”网页链接，可以说是做到了最好的差异化设计
，开拓了新的治疗方法和领域
。
图片来源
：康方生物WCLC Phase 3 Study of Ivonescimab (AK112) vs. Pembrolizumab as First-line Treatment for PD-L1 positive Advanced NSCLC: HARMONi-2
最后再来看看副作用
，irAEs是免疫治疗相关的
，AK112和K药相当
，甚至略低
，这是因为VEGF增强了肿瘤的靶向
，但是也不算是重点
。重点是可能和VEGF相关的副作用
，这就是之前导致鳞癌患者不能使用抗血管治疗血管正常化治疗的主要原因
，也是可乐组合等抗血管治疗血管正常化治疗失败的最大可能原因
，更是很多类似临床PFS无法转化成OS的主要原因
，毕竟PFS只代表了肿瘤没长
，但是如果药物的副作用把患者毒的比肿瘤不长的的收益还大
，那OS也就是生存期自然不会获益
。那么可以看到
，K药由于没有VEGF部分
，自然相关副作用较低
，但是AK112比K药多的主要是蛋白尿和高血压
，但是Grade>3的比例也不高
，尤其是在大出血上AK112和K药相比几乎没有什么区别
，可见AK112的安全性之好
，这也大大增加了OS阳性的可能性
。
图片来源
：康方生物WCLC Phase 3 Study of Ivonescimab (AK112) vs. Pembrolizumab as First-line Treatment for PD-L1 positive Advanced NSCLC: HARMONi-2
写在后面
，中国创新药被质疑了很多年
，康方生物生物被质疑了很多年
，二期做完质疑三期成功概率
，现在三期PFS数据出了免不了还要被质疑OS阳性概率
，但是康方如此数据摆在眼前
，SMMT如此投入摆在眼前
，康方一次次击碎质疑的成果摆在眼前
，借用钱老的一句话
，
“中国人怎么不行啊?外国人能搞的,难道中国人不能搞?中国人比他们矮一截?
”中国生物医药中的卧龙之一康方生物此时也算是终得雨
，后续相信可以冲天而起
，创造属于中国生物力量的辉煌篇章
。本文仅作学术分享
，不构成投资建议
，部分数据出自WCLC Phase 3 Study of Ivonescimab (AK112) vs. Pembrolizumab as First-line Treatment for PD-L1 positive Advanced NSCLC: HARMONi-2如有侵权请联系删除
。风险提示
：本文所提到的观点仅代表个人的意见
，所涉及标的不作推荐
，据此买卖
，风险自负
。谢谢大家
。$康方生物(09926)$$Summit Therapeutics(SMMT)$$默沙东(MRK)$@雪球创作者中心#雪球星计划#"
303556897,2024-09-04 15:09,79,242,8,2/3,https://xueqiu.com/2693678800/303556897,看到大家都在讨论PFS转化成OS的可能性，包括PFS的数据预测，各种自己吓自己，自己慌乱，感觉完全没这个必要。我简单讲两句吧，我也不想预测什么，也不想给出我心里预期的数值，只是单纯简单分析下，因为有很多朋友来找我，我就简单写一下，同时也是为了让大家放平心态，不要总是自己吓自己，明明是...,"安能行叹复坐愁—投资Biotech心态
（以康方生物WCLC数据公布前为例
）
来自TfR1lyxxx快乐鼠鼠的雪球专栏
来源
：雪球App
，作者
： TfR1lyxxx快乐鼠鼠
，
（https://xueqiu.com/2693678800/303556897
）
看到大家都在讨论PFS转化成OS的可能性
，包括PFS的数据预测
，各种自己吓自己
，自己慌乱
，感觉完全没这个必要
。我简单讲两句吧
，我也不想预测什么
，也不想给出我心里预期的数值
，只是单纯简单分析下
，因为有很多朋友来找我
，我就简单写一下
，同时也是为了让大家放平心态
，不要总是自己吓自己
，明明是一件还不知道好坏的事
，就把自己搞的草木皆兵风声鹤唳可不行
，这种心态很容易会被利用
，让人反复挨打得不偿失
。
首先AK112是什么
？是VEGF+PD-1双抗
，那么我们假设认为112的PD-1部分和K药功能相近
，VEGF被PD-1部分带着靶向实现了减毒
。那么即使在不考虑双抗对PD-1部分的增强
，那也是一个PD-1+一个减毒版本的贝伐
，那么一个减毒版本的贝伐有效吗
？我觉得PFS肯定有
，OS也大概率有
。这就是最基本的对112的认识
，再细致一点可以看看我之前的文章
，
“从AK112看康方生物对目前的免疫治疗联合血管正常化治疗的未满足领域的补充和基石药物的迭代
”网页链接和
“补充一下为什么说AK112满足了之前未被满足的免疫治疗+血管正常化治疗的需求
。
”网页链接这两篇已经讲的比较详细了
。也基本代表了我对AK112的看法
。
那么至于说具体数据呢
，首先这个头对头只是PFS数据的公布
，PFS数据我们首先肯定是比PFS的长度
，这点管理层已经释放过积极的信号
，想必延长的PFS还是比较可观的
，第二是PFS的质量
，这一点主要看对照组K药组PFS是否和MSD当年的临床数据相近
，这其中还包括分组
，鳞癌非鳞癌
，PD-L1表达高低
，脑转移等组别占的比例和各自的数据
，当然这些之前也大都有积极信号的释放
，各组都是应该有这不错的延长时间和HR
，最后则是HR
，为什么在112的头对头当中要格外关注HR呢
，是因为抗血管治疗血管正常化易产生副作用带来毒性
，造成患者虽然肿瘤不进展
（PFS延长
）
，但是身体也被药物副作用所伤
（OS效果差
）
，但是以目前公布的这些数据看112 VEGF部分的副作用非常的小
，所以结合之前释放的积极信号
，这部分也是还可以的
。当然具体数据出来之后
，如果我有时间
，我也会第一时间解读的
。
说了这么多
，我也不是说预测PFS有多阳性
，OS会成功之类的
，毕竟这些都是几率而已
，在FDA批准上市前
，一切的数据都只是增加FDA批准上市的几率而已
，这些只是说从现有的PFS延长时间和HR超预期的低的积极信号
，结合112本身的优势来看
，我个人的一些分析
，也是希望大家放平心态
，没必要那么担心受怕
，很多时候都是自己吓自己
，没有那个必要
。本文仅作学术分享不构成投资建议
。风险提示
：本文所提到的观点仅代表个人的意见
，所涉及标的不作推荐
，据此买卖
，风险自负
。$康方生物(09926)$$Summit Therapeutics(SMMT)$$默沙东(MRK)$#雪球星计划#@雪球创作者中心"
303332529,2024-09-02 19:08,151,372,20,2/3,https://xueqiu.com/2693678800/303332529,在阅读本文之间，建议大家阅读一下我写的上一篇文章“风起于青苹之末—从 Biotech 和 Pharma 之别看中国 Biotech 突围之道”网页链接，上篇文章已经提到了中国Biotech目前发展的几个特点。21世纪初期目前看硬科技，主要是两条线，一条是半导体AI，另一条则是生物科...,"浪成于微澜之间—从中国Biotech财报看中国创新药黄金十年收获期
来自TfR1lyxxx快乐鼠鼠的雪球专栏
来源
：雪球App
，作者
： TfR1lyxxx快乐鼠鼠
，
（https://xueqiu.com/2693678800/303332529
）
在阅读本文之间
，建议大家阅读一下我写的上一篇文章“风起于青苹之末—从 Biotech 和 Pharma 之别看中国 Biotech 突围之道
”网页链接
，上篇文章已经提到了中国Biotech目前发展的几个特点
。21世纪初期目前看硬科技
，主要是两条线
，一条是半导体AI
，另一条则是生物科技
，不同于前者容易受到硬件封锁的影响
，中国生物科技正在以惊人的速度追赶世界top水平
，百济神州BTK
，康方生物PD-1/VEGF等一个个头对头实验的开出标志着中国生物力量的进步和自信
，也让人从蛮期待
。
本文源于本人作为从业者对中国生物医药发展迅猛发自内心的感慨和激动
，此外
，由于前两天正值Biotech的财报密集发布时间
，看到很多人对财报非常关心
，这里简单讲几句我个人对Biotech企业价值和财报的看法
，首先在我看来Biotech
，哪怕是已经可以称之为Biopharma的Biotech
，真正的价值大多数情况下只在屈指可数的几条管线的价值和潜力
，对于中国Biotech
，另一个关键的点是出海的潜力
，这也是为什么百济可以称之为现在的龙头
，因为他有较为自主可控的独立出海的能力
。那么财报对于一家Biotech来说最重要的又是哪些呢
？
在我看来
，最容易看的是一些最基本的数据
，如现金流
，现金流对于Biotech类企业还是很重要的
，尤其是在商业化能力比较欠缺的时候
，高度依赖融资的情况下
，剩余现金能支撑多久
，能否撑到授权或商业化加强后现金流回暖
，这是关乎Biotech公司生死的一点
。第二个比较简单的是大适应症开卖后药品的放量速度
，这一点也是很重要的
，但是也要注意
，比较关键的是大适应症
，如各种癌症的一线治疗
，或者几个大癌种的二线治疗等
，过小的
，过于细分的适应症前期放量慢也是情有可原的
，这种一般都是Biotech为了求稳
，为了早点让药品上市销售
，或者为了满足部分急需满足的临床需求而选择的适应症
，在这种情况下
，早期销售数据意义没那么大
。第三个则是控费
，Biotech是高度依赖融资且烧钱的企业类型
，虽然是烧钱企业
，但是也要进行适度控费
，若是研发费用
，销售费用
，管理费用等过高也是有一定风险的
，合理的控费
，适当的烧钱
，把钱花在刀刃上才是最理想的模式
。
上述几点属于比较简单的
，比较基础的数据
，接下来才是最最关键的
，也是每个人认知分歧可能比较大的部分
。
首先第一点是临床中最重要的核心管线的临床进度
，一般来说
，这一点会在财报中标出
，甚至会有后续指引
，也是业绩解读会所关注的重点
，不管是接下来要新开的大三期
，还是进行中大三期的数据成熟时间
，都是十分重要的
，开哪个大三期
，开什么样的大三期一般都是管理层精挑细选的
，属于未来的想象空间和增长空间
，也属于管理层对早期数据的一种解读
，而进行中数据的成熟时间则代表着临床试验结束的时间和结果
，如果进度变快
，有可能表示临床效率增高
，也是一种积极的现象
，且重要数据的公布时间一般也是Biotech的关键节点
。
第二则是一些新上临床的管线
，这也很关键
，因为新上临床的管线往往代表着Biotech公司未来的发展之路的规划
，究竟是要在什么领域
，开展什么样的靶点
，又是否已经形成了平台
，可否与自家较成熟管线联用
？这些都是非常非常重要的
，也是很能体现出企业思路和水平的
。当然要看懂这些可能需要一些专业能力
。
那么说了这么多
，24年上半年国内Biotech公司的财报想必大家也都看了不少
，那么如何看待行业整体现在的发展阶段呢
，我认为现在正处于中国医药创新药尤其是Biotech类公司黄金十年的收获期
，为什么说是黄金十年
，让我们看一下之前简评过的几家Biotech公司
，百济神州成立于2010年
，信达生物成立于2011年
，康方生物成立于2012年
，亚盛医药成立于2009年
。我们都知道创新药的研发是双十
，十年+十亿
，那么现在距离这些Biotech公司成立正好10年多一点
，又加上2015年后国家政策的频出
，再加上2020年事件驱动和今年的全链条
，可以说Biotech公司在过去十年有了一段最好的发育机会
，也研发出了一批具有BIC
（Best in class
，同类最佳
）
，FIC
（First in class
，同类首创
）潜力的药物
。同时近年来各种形式的出海也是越来越频繁
，中国药物走向世界已经不再是口号而是一个个真实的案例
。此外从财报中和其他报道中我们也可以看到越来越多的头对头临床
，这标志着中国药物在挑战世界原有药物霸主的地位
。除此之外
，根据财报上增收控费的趋势
，在未来两年将有不小的一批Biotech公司如百济神州
，康方生物扭亏为盈
，可以产生持续性的正现金流
，这也意味着他们从九死一生的Biotech困境中成功上岸
，这也是非常重要的
。可以看到我们现在正处于这样一个关键的节点上
。
浪成于微澜之间
，综上所述
，根据最近的中报和最近几年中国Biotech发展的趋势和所取得的一系列的成就
，可以感受到虽然Biotech是一个九死一生的企业模式
，但是中国Biotech的第一个黄金十年所孵育出的第一批要上岸的企业开始收获他们的果实了
。未来也是希望我们中国创新药企业能够越来越好
，越来越多的走向世界
，在更多的领域和靶点上展示我们中国生物的智慧和力量
。
风险提示
：本文所提到的观点仅代表个人的意见
，所涉及标的不作推荐
，据此买卖
，风险自负
。谢谢大家
$康方生物(09926)$$百济神州(06160)$$信达生物(01801)$#雪球星计划#@雪球创作者中心"
303209618,2024-09-01 17:28,197,137,16,2/3,https://xueqiu.com/2693678800/303209618,在雪球看了不少帖子了，发现很多投资者没有弄清Biotech类型公司和pharma类公司的区别，甚至分不清Biotech类型公司和MNC这种巨头的管线布局理念的区别，今天就斗胆简单写写，聊聊Biotech，Biopharma，pharma，MNC这几个常见公司类型的不同特点，也借此聊聊咱们中国Biotech的一些优势，同时也看看咱...,"风起于青苹之末—从 Biotech 和 Pharma 之别看中国 Biotech 突围之道
来自TfR1lyxxx快乐鼠鼠的雪球专栏
来源
：雪球App
，作者
： TfR1lyxxx快乐鼠鼠
，
（https://xueqiu.com/2693678800/303209618
）
在雪球看了不少帖子了
，发现很多投资者没有弄清Biotech类型公司和pharma类公司的区别
，甚至分不清Biotech类型公司和MNC这种巨头的管线布局理念的区别
，今天就斗胆简单写写
，聊聊Biotech
，Biopharma
，pharma
，MNC这几个常见公司类型的不同特点
，也借此聊聊咱们中国Biotech的一些优势
，同时也看看咱们中国Biotech未来的路
。
首先是Biotech公司
，从名字就可以看出来
，Biotech是以生物科技为主的创新药企业
，通常专注于利用生物学和生物工程技术开发新药
、诊断工具
、治疗方法和其他生物产品
。这类公司以创新和研发为核心
，大多数处于早期研发阶段
，一般来说相比Pharma有着研发驱动
，规模较小
，依赖融资
，管线少而精的特点
。Biotech公司一般自己专注于几条核心管线
，通过几条管线以小博大
，以较低的市值
，较小的规模去挑战去撼动巨头公司的药物地位
，但是往往并不注重销售团队的建立
，尤其在早期常常选择与Pharma等合作
，通过授权
（BD
）或并购的方式来获得现金流
，推动公司前进
。全球代表公司有最典型的Genentech
，现在已经被罗氏收购了
，国内则也有很多像康方生物
，亚盛医药等
。Biotech在完成了自己早期几条管线的研发后
，通过授权等方式获得了一定的现金流后就会面临一个选择
，是继续抱着研发驱动
，规模较小
，管线少而精的特点还是去尝试发展自己的销售团队
，或者两者并行
，发展到下一阶段
，于是部分Biotech公司就进入到了一个过渡态
，Biopharma这一名称由此而来
。
Biopharma其实就是Biotech到Pharma的过渡态
，即Biotech加上一定的商业化能力
，追求更多的管线布局
，融合了创新与市场化
，规模较大
，一般会有自己的商业化团队
，具有更完整管线矩阵的这样一个过渡态
，也是Biotech在保留自己创新驱动下拓展自身规模的一种过渡态
。这种概念其实比较模糊
，更类似于一种在Biotech和Pharma边界的地带的公司
，但是数量却已经不少,全球代表公司典型的有Amgen等
，国内百济神州和信达生物也算踏入了这一行列
。由于这一概念较为模糊属于介于Biotech和Pharma的中间地带
，而且大部分公司都是由Biotech发展而来
，那么其实把这类公司归类到Biotech里也是没问题的
，区分没有那么明显
。
那么接下来就是Pharma
，Pharma顾名思义是制药公司
，主要从事药物的研发
、生产和销售
，通常具有成熟的产品线和稳健的市场表现
，依赖于大规模的生产和销售网络
。产品范围广泛
，涵盖处方药
、非处方药
、仿制药等多个领域
。Pharma最大的特点就是商业化能力强
，覆盖面广
，管线矩阵丰富
，且Pharma由于一般有着较为健康的现金流
，常与Biotech合作
，通过分成授权等方式帮助Biotech销售其药物
，为Biotech提供现金流的同时也为自己赚取了利润丰富了管线矩阵
，往往是一种双赢的合作
。全球代表公司有很多了包括辉瑞
，诺华等
，当然这些公司很多也都属于最后要解释的MNC公司
，国内也有一批早年从仿制药做起
，近年来开展创新药管线的Pharma如恒瑞医药
，华东医药等
。这些公司一方面把握住自己的老本仿制药
，另一方面或通过自己研发
，或通过和Biotech合作丰富自己的矩阵
，利用自己强大的商业化能力创造收入
。
最后则是MNC
，Multinational Corporation
，跨国公司
，相比之前在商业化和创新驱动上的区别
，MNC主要是指那些在多个国家和地区开展业务的公司
，通常拥有全球布局和资源整合能力
。这些公司通常在全球范围内设有研发
、生产和销售网络
。主要靠着在多个国家设有分支机构
，能够灵活应对不同市场的需求和变化的全球运营
，通过全球范围内的资源整合和运营优化
，有效降低成本
，提高竞争力
，且都具有丰富的产品矩阵
。也代表着目前医药企业的巨头如礼来
，默沙东
，当然也包括前面Pharma中提到过的辉瑞
，诺华等
，相信中国在不久的将来也会孵化出属于中国力量的MNC
。
简单总结一下
，随着Biotech这种特殊类型公司的发展
，Biotech和Pharma之间的界限开始模糊
，于是诞生了Biopharma这一概念
，很多时候界限没有以前清晰了
，但是大区别还是有的
，例如不能要求Biotech有着MNC那样丰富的管线矩阵
，Biotech是没有那么多现金流和人手精力的
，盲目的开展管线就丢失了Biotech小而精的特点了
，应该让Biotech做好自己最擅长的工作
，把几个明星产品做到最好
，这才是Biotech大多数时候的生存之道
。
那么到这里也简单聊一下国内几个比较有特色的Biotech公司的发展路线和各自的优点
：
首先是Biotech龙头百济神州
，高举高打的典型
，烧钱的同时也确实打造出了PD-1和BTK两款大药
，尤其是BTK泽布替尼作为中国第一个十亿美元分子
，未来还会创造一系列的纪录
，同时后续管线也算是比较充裕不管是BCL-2还是PROTAC也算是在自己强势的小分子领域的一些有一定想象力的管线
。同时作为国内少有的能在海外自己销售的生物制药公司
，百济也算把中国药物推向世界的先驱
，也算为后来者之处了出海这条路
，百济预计今年Q4就将扭亏为盈
，也算是走出了Biotech现金流困境
，可以朝着下一个阶段前进
，也希望百济后续管线可以成功
，向世界更多的展示中国生物科技力量
。
再简单聊一下信达生物
，信达生物这家公司最大的优点就是他的执行力和临床推进速度
，凭借着License in 和合作开发
，以及fast follow
，信达也是用自己的方式丰富了自己的管线矩阵
，再配合自身较强的销售能力
，以及近年来开始闪光的一些自研管线
，也是在一定程度上奠定了自身目前的地位
。
接着是康方生物
，康方生物就是最标准的Biotech
，早期通过授权将自己的产品权益授予给了默沙东
，AK105和天晴合作销售市场化
，紧接着又产生了一系列精品管线AK104和AK112
，通过授权合作的方式走向了出海的道路
，又有着Biotech公司中少见的可以稳定产出同类型药物的双抗平台这一平台
，走出了差异化的避免内卷的发展路线
。
最后是亚盛医药
，亚盛医药是一家市值更小
，管线更小而精的小分子药物为主的Biotech公司
。同样也是两款潜力产品
，奥雷巴替尼和APG2575
，奥雷巴替尼国内和信达合作
，海外授权给了武田
，2575的潜力也是巨大
，未来也是非常值得期待
，相信还是会和强力的合作伙伴完成合作或者说授权
。可以说是小Biotech合作模式的标准之作
，也是小分子Biotech发展的旗帜标杆之一
。
总的来说
，可以看到中国Biotech公司按照Biotech到Biopharma的发展中也是契合全世界潮流的
，早期通过对外授权和pharma合作
，后面建立起自己的市场化商业化团队
，转型Biopharma
，转型后甚至可以反过来用自己的销售团队和其他未建立强大商业化团队的Biotech公司合作
，实现良性循环
，互利共赢
。
风起于青苹之末
，可以看到
，中国Biotech在过去一段时间里有了很惊人的发展
，作为和半导体近乎同等高度和意义的行业
，生物科技有着不易被硬件封锁所制裁的优势
，在过去的一段时间内以惊人的速度取得了发展
，如果大家对通过最近的财报和发展趋势对中国Biotech行业的发展阶段分析感兴趣的话
，请告诉我
，我也可以再写一篇
。
这篇就先写这么多了
，如果大家感兴趣会有下一篇
，如果大家觉得写的不好
，还请多多包涵
，也是希望中国Biotech公司能够越来越好走向世界
，向世界展示我们中国生物科技的力量
。风险提示
：本文所提到的观点仅代表个人的意见
，所涉及标的不作推荐
，据此买卖
，风险自负
。谢谢大家
。$百济神州(06160)$$信达生物(01801)$$康方生物(09926)$#雪球星计划#@雪球创作者中心 希望百济
，信达
，康方
，亚盛和其他生物医药公司的朋友们都有机会看到这篇文章
。"
302876994,2024-08-29 16:18,133,151,5,2/3,https://xueqiu.com/2693678800/302876994,康方生物中报已出，亮点颇多，先说下总体给人的感觉，总体来看，康方生物已经从一家Biotech接近转型Biopharma了，具体为什么这么说接下来从几个概括性的方面和几个个人感到非常惊喜的亮点进行分析。首先是财报上一些最基础的数据，一般来说关注营收和控费，其实这一点大家都有自己的判断，我...,"中国下一家Biopharma康方生物的登阶之路
（含中报简析
）
来自TfR1lyxxx快乐鼠鼠的雪球专栏
来源
：雪球App
，作者
： TfR1lyxxx快乐鼠鼠
，
（https://xueqiu.com/2693678800/302876994
）
康方生物中报已出
，亮点颇多
，先说下总体给人的感觉
，总体来看
，康方生物已经从一家Biotech接近转型Biopharma了
，具体为什么这么说接下来从几个概括性的方面和几个个人感到非常惊喜的亮点进行分析
。
首先是财报上一些最基础的数据
，一般来说关注营收和控费
，其实这一点大家都有自己的判断
，我认为在去年的情况下
，这个营收至少是符合我的预期的
，在1L适应症都没开卖的情况下
，其实现在这个营收已经很让我满足了
。我更关注的是控费
，康方的控费在我看来非常亮眼
，已经基本达到Biopharma的门槛了
，尤其是在销售费用的控制上
。当然
，这些只要稍微多看看财报基本都能分析出来
，而且基本符合我的预期
，所以接下来几个亮点才是我更关心的
。
首先是112+117 VS K药的在PD-L1阳性头颈鳞癌的头对头
，我认为这是康方在去化疗治疗上的一次自己的理解和勇敢的尝试
，目前K+化还是一定程度上的金标准
，但是一方面K+ADC等ICI+ADC的组合已经在尝试去化疗
，但是ICI+ADC中的ADC还是毒性较大
，那么有没有其他的去化疗路径呢
？康方再一次给出了不一样的尝试
，那就是血管正常化治疗+特异性免疫ICI+非特异性ICI
，AK112是血管正常化治疗+主要靶向特异性免疫通路中的T细胞的PD-1的双特异性抗体药物
，这一部分在我之前两篇文章
“从AK112看康方生物对目前的免疫治疗联合血管正常化治疗的未满足领域的补充和基石药物的迭代
”网页链接和
“补充一下为什么说AK112满足了之前未被满足的免疫治疗+血管正常化治疗的需求
。
”网页链接都有详细介绍
，可以说在这一领域康方的AK112属于独领风骚
。而AK117这一药物我也详细写文章解读过
“历经风浪的CD47
：AK117的优势究竟在哪里
？
”网页链接它的原理则是靶向在非特异性免疫中的CD47-SIRPα这一重要通路
，促进巨噬细胞等吞噬细胞对肿瘤细胞的吞噬
，AK117在这一领域也是全球第一梯队
，此临床也是CD47靶点在实体瘤领域的全球首个三期
。作用上AK117阻断CD47-SIRPα相互作用可以有效促进巨噬细胞等吞噬细胞对肿瘤细胞的吞噬
，并通过抗原呈递细胞将肿瘤抗原处理并交叉呈递给T细胞
，从而激活适应性免疫反应
。此外
，阻断CD47还可以促进其他免疫细胞向肿瘤部位的募集
，以协同增强先天性和适应性免疫反应
，CD47阻断还通过树突状细胞触发T细胞反应
，激活适应性免疫系统
，从而协同AK112更好的发挥作用
。不得不说这是一次大胆但非常值得的尝试
，适应症的2期数据应该也快看见了
，管理层也一定是在看了数据觉得可行后才开了这个三期
，非常期待详细数据
。
第二个则是
，康方的一款新双抗
，AK137
（CD73/LAG-3双抗
）
，关于这两个靶点
，在我之前的两篇文章里也有提过
“使用Anti-PD-1抗体
，PD-L1是完美Marker吗
？
”网页链接，
“怎么又是头对头K药
？为什么BMS敢启动PD-1+LAG-3+化疗在一线非小细胞肺癌对照K药+化疗头对头三期临床试验
？
”网页链接，这两个靶点总的来说可以靶向阻断逆转T细胞耗竭
，活化B细胞
，形成记忆B细胞
，从多个角度改善肿瘤微环境
，将肿瘤微环境中的免疫抑制环境逆转成正常免疫环境
，甚至是高于正常免疫环境
，后续推测AK137可能会单药
，但更大可能是与AK104或AK112甚至加上AK117联用
，从多角度
，多通路
，多途径协同激活免疫
，或许也是将来去化疗的一种可能性
，也是非常期待这一管线的后续进展
。
其他的包括胆道癌的头对头
，AK135
（IL-1RAP
）
，还有ADC当然也都不错
，但是基本都是中报前就已经知道了的了
，如果大家想看
，我也可以大概写写
，但是太早期的那些就只能写写靶点选择这些了
。除了这些最近还比较期待的是SMMT的第三项global三期大临床
，我预期下半年或者25年上半年大概率会有AK112的第三项globa三期大临床
，之前康方给的预期是围手术的大三期
，目前看来可能性也是很大的
。至于和中国生物制药合作这些算是意外之喜
，但是也值得小期待一下
。
总的来说
，在我看来康方正在逐步从Biotech迈向Biopharma
，更丰富的产品管线矩阵
，在104和112后仍有多款具备大药潜力的药物管线接上后续
，有着自己的布局和理解
，不管是联用还是作为双抗的一部分都有着康方自己的理解和思考
，尤其是在满足未被满足的临床需求上
，康方也很好的贯彻了这一理念
，同时
，也把钱尽量花在了刀刃上
，钱花的相当节制控费也算在Biotech里做的比较好的
，可以预见康方在不久的将来就将稳定扭亏为盈
，开始盈利
，同时扩大商业化市场化规模
，逐步迈向Biopharma
。
图片来源
：康方生物官网
写在最后
，看到康方生物能取得这样的成就真是非常激动
，我刚上本科那会
，根本不敢想象中国能有这样一家企业
，希望正如夏总一直说的那样
，康方不仅仅是中国的康方
，也是世界的康方
，希望康方生物继续登阶而上
，走向世界
，也希望中国有更多的生物制药企业可以走向世界
，展现中国生物力量
。本文有部分内容来自康方生物官网
，如有侵权
，请联系删除
。本文仅作学术交流分享
，不构成投资建议
。风险提示
：本文所提到的观点仅代表个人的意见
，所涉及标的不作推荐
，据此买卖
，风险自负
。如果觉得写的不好还请见谅
。谢谢大家
。$康方生物(09926)$$Summit Therapeutics(SMMT)$$中国生物制药(01177)$@雪球创作者中心#雪球星计划#"
302392059,2024-08-26 17:28,68,64,9,2/3,https://xueqiu.com/2693678800/302392059,关于康方生物的管线，绝大多数人都只关注了肿瘤相关管线，确实AK105，AK104，AK112，AK117等管线足够惊艳，让人充满期待，但是不可否认康方生物在非肿瘤管线也表现出了强大的前瞻性和研发能力，这篇文章将从康方生物的非肿瘤管线，结合肿瘤管线的一部分，对康方生物的前瞻性和研发能力进行探讨。<b...,"从非肿瘤管线看康方生物前瞻性和研发能力
来自TfR1lyxxx快乐鼠鼠的雪球专栏
来源
：雪球App
，作者
： TfR1lyxxx快乐鼠鼠
，
（https://xueqiu.com/2693678800/302392059
）
关于康方生物的管线
，绝大多数人都只关注了肿瘤相关管线
，确实AK105
，AK104
，AK112
，AK117等管线足够惊艳
，让人充满期待
，但是不可否认康方生物在非肿瘤管线也表现出了强大的前瞻性和研发能力
，这篇文章将从康方生物的非肿瘤管线
，结合肿瘤管线的一部分
，对康方生物的前瞻性和研发能力进行探讨
。
康方生物的非肿瘤管线主要包括AK101
（依若奇单抗
，ebdarokimab
，IL-12/IL-23单抗
）
；AK102
（伊努西单抗
，ebronucimab
，PCSK9单抗
）
，AK111
（古莫奇单抗
，gumokimab
，IL-17单抗
）
，AK120(曼多奇单抗,Manfidokimab,IL-4Rα单抗),以及还在早起的神经退行性疾病
，IL-4R/ST2
，NGF等靶点药物
。
不得不说
，康方生物选择的这些管线的靶点都是极好的
，主要从几款已经比较后期的药物去看
，AK101靶向IL-12/IL-23
，现在主要是两个方向
，斑块状银屑病和溃疡性结肠炎
，对标的是强生的乌司奴单抗
，强生的乌司奴单抗2023年全年销售108亿美元,增长率11%
，是一款百亿美元分子
。
AK102靶向PCSK9
，主要是做高胆固醇和高脂血方向的代谢类疾病
，按照康方生物自己的口径对标的是依洛尤单抗和阿利西尤单抗
，2023年全球销售额分别为达到16.35亿美元和6.4亿美元且均处于快速放量阶段
，此领域峰值百亿美元也绝非夸张
，国内最快的是信达的托莱西单抗
，康方紧随其后
。
AK111靶向IL-17主要用于治疗银屑病和强制性脊柱炎
，主要对标的是是诺华在自免领域的核心产品司库奇尤单抗
，2023年销售额近50亿美元
，今年上半年实现同比增速为23%
，也是很接近百亿美元分子的靶点
。
AK120则是靶向IL-4Rα
，主要用于治疗特异性皮炎
，主要对标赛诺菲的度普利尤单抗
，其在2024年H1的销售额已达66.6亿美元
，同比增长25.9%
，超过乌司奴单抗
、修美乐等一众自免药物成为新的王者
，也是绝对的百亿美元分子
。
总结一下上述
，康方在非肿瘤领域选择的也是潜力巨大
，市场巨大的靶点
，虽然目前看并没有肿瘤领域那样明显的优势
，但是无论是进度还是靶点选择
，作为丰富矩阵也是足够了
，在国内也算是前列梯队
。
图片来源
：康方生物官网
图片来源
：康方生物官网
同时让我们看一下康方生物这些非肿瘤和肿瘤管线究竟是什么时候开启的呢
？这些分子究竟是何时被发现的呢
？有趣的是
，不管是104
、105
、112等抗肿瘤管线
，还是101
、102
、111等非肿瘤管线
，康方都是在15-16年就有管线药物的消息了
，这是个很关键的节点
，一方面康方自己的发展也到了该推出一系列分子的时候了
，另一方面
，O药K药开市上市
，大量临床数据开始释放
，依洛尤单抗和阿利西尤单抗也开始获批
，司库奇尤单抗接连获批
，距离度普尤利单抗获批也只差一年
，可以想象
，康方一定是从临床数据中读取到了关键信息
，从而选择了目前看来更为正确的路和管线
，这种前瞻性是康方可以以一家不到500e港币的Biotech公司去挑战上千亿美元MNC的必要前提
，而能够通过写前瞻性转化成成功的药物
，则体现出了康方生物惊人的研发能力
，这则是Biotech要想获得成功的另一个必要条件
，这种惊人的前瞻性和研发能力正是造就康方现在如此惊人潜力的基石
。
写在后面
，这篇文章是看到康方102进展后有感而写
，康方生物在前瞻性和研发能力也包括执行力上实在让我佩服
，一个靶点的成功布局是偶然
，这么多的靶点构成的管线矩阵有着这么高的成功率和速度
，不得不让人钦佩其前瞻性和研发能力之高
，也希望康方可以一直保持这样的高度
，做出更多更好的药物
，也希望其他中国生物科技公司可以一同在未来向世界展示中国生物科技力量
。本文部分内容出自康方生物官网
，如有侵权请联系删除
。本文仅作学术交流分享
，不构成投资建议
。风险提示
：本文所提到的观点仅代表个人的意见
，所涉及标的不作推荐
，据此买卖
，风险自负
。谢谢大家
。$康方生物(09926)$$百济神州(06160)$$信达生物(01801)$@雪球创作者中心#雪球星计划#"
302241596,2024-08-24 20:06,54,41,3,2/3,https://xueqiu.com/2693678800/302241596,本文是为了讨论免疫检查点抑制剂抗体药物IgG类型的选择，尤其是康方生物不一样的选择，关于康方生物抗体骨架平台的选择改造，之前其实在我“为什么是康方生物的双抗？免疫治疗：从单靶点单抗到联合治疗再到双抗” 网页链接这篇文章有过一定的介绍，本文也算是从其...,"免疫检查点抑制剂抗体药物IgG类型的选择
——康方生物不一样的答案
来自TfR1lyxxx快乐鼠鼠的雪球专栏
来源
：雪球App
，作者
： TfR1lyxxx快乐鼠鼠
，
（https://xueqiu.com/2693678800/302241596
）
本文是为了讨论免疫检查点抑制剂抗体药物IgG类型的选择
，尤其是康方生物不一样的选择
，关于康方生物抗体骨架平台的选择改造
，之前其实在我
“为什么是康方生物的双抗
？免疫治疗
：从单靶点单抗到联合治疗再到双抗
”网页链接这篇文章有过一定的介绍
，本文也算是从其他角度进行一系列分析补充
。
先简单介绍下抗体
，抗体Ig 分子在木瓜蛋白酶的作用下可以被水解成 Fab 片段和 Fc 片段
。Fab 片段主要负责与抗原结合
，起到特异性识别的作用
，而 Fc 片段则与抗体依赖的细胞介导的细胞毒性
（ADCC
）
、抗体依赖性细胞介导的吞噬作用
（ADCP
）和补体依赖的细胞毒性
（CDC
）等有关
，能够通过与免疫系统的效应细胞和补体结合
，介导对靶细胞的杀伤
，从而发挥抗体的免疫功能
。抗体一般分为IgM
、IgG
、IgA
、IgE
、IgD五类
，其中抗体药物
，尤其是免疫检查点抑制剂抗体药物一般采用IgG抗体骨架
。IgG 是血液中最常见的免疫球蛋白
，占总免疫球蛋白的约 75%
。它主要由脾脏和淋巴结中的浆细胞合成并分泌
，具有多种重要的免疫功能
，例如特异性结合抗原
、激活补体系统
、增强吞噬细胞的作用以及穿过胎盘保护胎儿
。这些功能使 IgG 在机体的免疫防御中发挥着关键作用
。IgG抗体又分为IgG1
、IgG2
、IgG3和IgG4四类
。其中IgG1能通过Fc段介导最强的ADCC效应
，直接杀死靶细胞
，之后分别是IgG3
、IgG2和IgG4
，而在免疫检查点抑制剂抗体药物IgG骨架的选择上则一般都是选择两头的
，要么是杀伤最强的IgG1
，要么是杀伤最弱的IgG4
，那么我们接下来具体分析原因
。
首先我们先看一下全球主要的几款免疫检查点抑制剂抗体药物
，O药和K药两款靶向免疫细胞表面的PD-1的药物均是选择了IgG4这一杀伤力最弱的骨架
，而T药和I药这两款靶向肿瘤表面的PD-L1的药物则是选择了去除了Fc端ADCC和ADCP作用的IgG1亚型单抗
，而同样靶向PD-L1的Avelumab
（Bavencio
）则是选择了保留Fc端ADCC和ADCP作用的IgG1亚型单抗
。那么可以看到
，在靶向肿瘤细胞时
，各大药企倾向于选择IgG1这一结构更稳定血清半衰期较长的抗体骨架
，甚至有保留抗体的杀伤能力的设计
，而靶向免疫细胞的抗体则都倾向于选择杀伤能力最弱的IgG4骨架
。这也很好理解
，毕竟我们要保护好免疫细胞来杀伤肿瘤细胞
，但是现在的选择就是最好的了吗
？康方生物给出了另一个解
。
康方生物在PD-1抑制剂的开发中选择采用了更为稳定的IgG1抗体形式
，这一决策在当时的抗体工程领域显得尤为大胆且具有开创性
。当时市场上多数在研的PD-1抑制剂都采用了IgG4抗体
，因为IgG4具有较低的抗体依赖性细胞毒性
（ADCC
）
，理论上能够减少免疫相关的不良反应
。然而
，IgG4的选择并非没有缺陷
，其Fc段结构的特殊性导致其容易与其他IgG的Fc部分相互作用
，进而发生自身聚集
，这种聚集可能降低IgG4与PD-1的结合亲和力
，影响药效
。
更为重要的是
，IgG4可能与体内存在的肿瘤特异性IgG1抗体结合
，从而抑制后者的抗肿瘤效应
。对于肿瘤免疫治疗来说
，这无疑是一个重大缺陷
。因此
，尽管IgG4在一定程度上能减少不良反应的风险
，但其在某些情况下可能并不适合肿瘤免疫治疗
，尤其是在需要强力的抗体依赖性效应时
。
相比之下
，IgG1抗体结构更加稳定
，有效避免了IgG4可能出现的自身聚集问题
。此外
，IgG1抗体在生产过程中更易纯化
，纯化过程中宿主细胞蛋白的残留较少
，这意味着患者用药后出现发热等不良反应的风险也显著降低
。更稳定的结构也意味着IgG1抗体在体内的效力和持久性可能更强
，尤其是在需要长时间维持免疫反应的治疗中表现更为优越
。
这种创新不仅反映了团队对抗体结构功能的深刻理解
，更展示了他们在无先例情况下突破技术瓶颈的勇气
。通过选择IgG1而非传统的IgG4
，康方生物为PD-1抑制剂的开发开辟了新的路径
，这一举措为后续抗体药物开发提供了宝贵的参考
，也显示出在抗体工程领域中创新思维的重要性
。这一创新也构成了康方生物的平台的一部分
，为后续康方一系列药物的成功打下了深厚的基础
，在本来已经同质化十分严重的免疫检查点抑制剂抗体药物市场成功开辟出了自己的道路
，走出了差异化的路线
。
图片来源
：康方生物官网
写在最后
，本文仅作学术交流分享
，不构成投资建议
。写这篇文章也是期待中国生物科技力量都可以找到自己的差异化的
，独特的路
，向世界展示中国生物科技的力量
，为人类健康事业刻上中国印记
。本文部分内容出自康方生物官网
，如有侵权请联系删除
。风险提示
：本文所提到的观点仅代表个人的意见
，所涉及标的不作推荐
，据此买卖
，风险自负
。$康方生物(09926)$$恒瑞医药(SH600276)$$百济神州(06160)$@雪球创作者中心#雪球星计划#"
301994003,2024-08-22 17:26,57,21,0,2/3,https://xueqiu.com/2693678800/301994003,之前一直有人说想要了解康方生物的管理层，但是想了想指名道姓或者说和别人做对比终归不好，于是打算直接以整个管理层的理念和少量夏总等管理层（舵手）的想法来代替，尽量做到客观的评价。首先先看看康方开设管线的理念，也是我认为的康方生物能够快速成功，成为优秀Biotech的最重要的理念，...,"从康方生物看Biotech舵手的重要性
来自TfR1lyxxx快乐鼠鼠的雪球专栏
来源
：雪球App
，作者
： TfR1lyxxx快乐鼠鼠
，
（https://xueqiu.com/2693678800/301994003
）
之前一直有人说想要了解康方生物的管理层
，但是想了想指名道姓或者说和别人做对比终归不好
，于是打算直接以整个管理层的理念和少量夏总等管理层
（舵手
）的想法来代替
，尽量做到客观的评价
。
首先先看看康方开设管线的理念
，也是我认为的康方生物能够快速成功
，成为优秀Biotech的最重要的理念
，
“专注于全球未被满足的临床需求
”
“在管线发展上下足功夫
，力争所有产品都做到最好的设计和差异化
。
”
“向更前沿的方向靠近
，开发创新的
、差异化的技术和产品
”
“瞄准方向
，做最好的设计和差异化
”
。
图片来源
：康方生物官网
上述理念决定了康方生物的成功
，具体来说就是差异化切入
，解决未被解决的问题
，避免同质化内卷
，快速开拓蓝海市场
，完成放量占领市场
。
那么这些理念只有康方这家公司是这么宣传的吗
，必然不是
，实际上很多公司都是这么宣传的
，宣传后这么做了的是一部分
，这一部分做的好的
，又只占一部分
，就这样层层减少下来
，就凸显出了康方生物的难得之处了
。
那么具体有哪些点能凸显出来这一难得之处呢
？先从之前讲过的几点讲起
，首先是AK104
，关于AK104
，我之前的文章
“为什么是康方生物的双抗
？免疫治疗
：从单靶点单抗到联合治疗再到双抗
”网页链接其实有过较为详细的介绍
，康方生物从PD-L1阴性的角度切入
，同时有在最重要的第一个临床适应症的选择上选择了—宫颈癌这样一个肿瘤免疫疗法有待突破的肿瘤类型
，并在其中取得了成功
，这是极为难得的
，也成功证明了康方生物的实力的强大和开设管线的理念的正确
。
第二个比较突出的点则是AK112
，这一点其实在我之前两篇文章
“从AK112看康方生物对目前的免疫治疗联合血管正常化治疗的未满足领域的补充和基石药物的迭代
”网页链接和
“补充一下为什么说AK112满足了之前未被满足的免疫治疗+血管正常化治疗的需求
。
”网页链接中都有提到
，康方生物选择在免疫治疗+血管正常化治疗这一存在大量未被满足需求的领域入场
，通过双抗的低毒高效慢慢杀了出来
，尤其是在头对头适应症中开出了鳞癌这一之前让所有抗血管治疗血管正常化治疗谈之色变的适应症
，从现有的数据看也是很有可能成功的
，一旦成功
，大量的未被满足的临床需求将化为康方生物药物放量的动力
。
此外
，纵观康方生物管线选择上
，开设了大量的ICI组合双抗
，ICI组合双抗实际上在康方取得成功前绝非领域热点
，大量的ADC
，单抗
，减肥药等其实才是较热的主流
，然而
，康方生物正是在这种情况下
，看准了未被满足的临床需求
，做出了属于自己的差异化的更好的设计
，成功满足了这些需求
，不得不说
，这确实是把Biotech类型公司的作用发挥到了相当的优秀
，在自己差异化的赛道里做到最好
，这就是Biotech公司的意义
。
写在后面
，本文并非夸康方踩其他公司
，中国有很多很好的Biotech公司
，大家都各有所长
，也希望大家都能找到最适合自己的路
，最适合自己的赛道
。本文部分内容来子康方生物官网如有侵权
，请联系删除
。风险提示
：本文所提到的观点仅代表个人的意见
，所涉及标的不作推荐
，据此买卖
，风险自负
。@雪球创作者中心$康方生物(09926)$$Summit Therapeutics(SMMT)$#雪球星计划#"
301814511,2024-08-21 15:46,54,66,2,2/3,https://xueqiu.com/2693678800/301814511,看到在clinical trials网站上，BMS登记了一项三期临床试验NCT06561386，Anti-PD-1抗体Nivolumab（O药）+Anti-LAG-3抗体Relatlimab联合化疗， 在PD-L1表达量为1-49%的非鳞状晚期非小细胞肺癌的一线治疗中，默沙东Anti-PD-1抗体Pembrolizumab（K药）联合化疗的，头对头比对三期临床试验，这一临床试...,"怎么又是头对头K药
？为什么BMS敢启动PD-1+LAG-3+化疗在一线非小细胞肺癌对照K药+化疗头对头三期临床试验
？
来自TfR1lyxxx快乐鼠鼠的雪球专栏
来源
：雪球App
，作者
： TfR1lyxxx快乐鼠鼠
，
（https://xueqiu.com/2693678800/301814511
）
看到在clinical trials网站上
，BMS登记了一项三期临床试验NCT06561386
，Anti-PD-1抗体Nivolumab
（O药
）+Anti-LAG-3抗体Relatlimab联合化疗
， 在PD-L1表达量为1-49%的非鳞状晚期非小细胞肺癌的一线治疗中
，默沙东Anti-PD-1抗体Pembrolizumab
（K药
）联合化疗的
，头对头比对三期临床试验
，这一临床试验虽不敢说是标志性事件
，但是意义也十分重大
，可以说是BMS在免疫治疗ICI组合上的又一次大胆且大力的尝试
。头对头的临床试验往往花费巨大
，那么这位免疫治疗ICI联用先驱
，在开出了O+Y之后又是什么原因使他豪掷千金
，开出这样一个头对头临床呢
？
关于这一点
，其实在我先前的文章
“使用Anti-PD-1抗体
，PD-L1是完美Marker吗
？
”网页链接就有提到过
，LAG-3是靶向耗竭T细胞的又一有力靶点
。这里引用两段
：
“传统观点认为anti-PD-1抗体的作用是依赖PD-L1来实现的, 传统观点认为PD-1作为一种重要的免疫抑制分子
，PD-1与肿瘤细胞上的PD-L1结合
，抑制T细胞
，逃避肿瘤免疫应答
。Anti-PD-1抗体的作用就是阻断PD-1与PD-L1之间的结合
，让免疫细胞得以保持活性
，恢复其对肿瘤细胞的识别和杀伤力
。
”
“目前已经有了许多新的观点
，很大一部分观点认为
，anti-PD-1抗体结合的只是PD-1阳性的细胞
，而PD-1阳性的细胞很大一部分正处于耗竭状态
，那么什么是T细胞耗竭呢
？T细胞耗竭
（T Cell Exhaustion
）就是指慢性感染或者癌症患者由于长期暴露于持续性抗原或慢性炎症
，体内T细胞功能丧失
。疲惫的T细胞逐渐失去效应功能
，记忆T细胞特征也开始缺失
。研究表明通过阻止PD-1等抑制性通路
，这种耗竭是可以逆转的
，至少部分逆转
。当然PD-1阳性的细胞中耗竭T细胞只是一个子集亚群
，耗竭T细胞的marker研究还有很多
，如CD73
，LAG3
，TIM-3等
，靶向这些通路的抗体都有逆转T细胞耗竭的潜力
。
”
那么这里再次简单介绍一下T细胞耗竭
，在慢性病毒感染和癌症中
，持续的刺激驱动了抗原特异性T细胞的耗竭
。耗竭的CD8+ T细胞失去了增殖能力和多功能性
，从而削弱了对疾病的效应
。耗竭T细胞的标志包括多种抑制性受体
（inhibitory receptors
，IRs
）如程序性细胞死亡蛋白1
（PD-1
）和淋巴细胞活化基因3
（LAG-3
）的持续共表达以及由转录因子TOX控制的独特的转录和表观遗传程序
。在T细胞耗竭领域的一个重大转折点是发现阻断PD-1通路可以至少部分恢复耗竭T细胞的活性
。这些发现揭示了IRs在抑制耗竭T细胞反应中的关键作用
，并为在慢性感染和癌症患者中阻断该通路铺平了道路
。尽管有一定的效果
，但单独阻断PD-1通路在大多数患者中不足以导致持久的疾病控制
。实际上
，与PD-1共同靶向其他IRs可以进一步改善耗竭T细胞的恢复活性和疾病控制
。特别是
，PD-1和LAG-3的联合阻断协同增强了T ex细胞的扩展和效应功能
，从而减少了疾病进展
。此前的临床试验显示
，与单独使用Nivolumab
（O药
，抗PD-1单抗
）相比
，Nivolumab
（O药
，抗PD-1单抗
）与Relatlimab
（抗LAG-3单抗
）联用可改善晚期黑色素瘤患者的无进展生存期和总生存期
，且Nivolumab
（O药
，抗PD-1单抗
）+Relatlimab
（抗LAG-3单抗
）的安全性高于Nivolumab
（O药
，抗PD-1单抗
）+Ipilimumab
（Y药
，抗CTLA-4单抗
）
。
那么这里再简单介绍一下LAG-3这一靶点
，LAG-3全称为淋巴细胞活化基因3
（Lymphocyte Activation Gene-3
）
，又名CD223
，其主要功能是负调控T细胞的功能
，属于免疫球蛋白超家族的成员
。LAG-3的主要配体为MHC II类分子
。LAG-3与MHC II的结合比CD4与MHC II的亲和力高100倍左右
，LAG-3与MHC II的结合比CD4与MHC II的亲和力高100倍左右
，这使得LAG-3能够有效竞争并抑制T细胞的活化
。LAG-3在多种实体瘤的肿瘤浸润淋巴细胞
（TIL
）中高表达
，尤其是在TIL中耗竭的T细胞上往往高表达
。使用Anti-LAG-3抗体阻断LAG-3可以通过促进NK受体基因的表达
，解除对CD94/NKG2通路的抑制
，依赖于应激配体Qa-1b的肿瘤杀伤能力增强等途径
，在包括TOX
、细胞杀伤和CD94/NKG2
，这些涉及免疫监视和对感染
、应激或癌变细胞的识别和清除的通路
，促进TIL的增殖以及细胞因子的分泌
，对肿瘤细胞形成杀伤
。同时研究发现
，使用抗LAG-3单抗+抗PD-1单抗不会有冗余的功效
，反而相互促进
，协同发挥功能
。
一句话总结一下这些理论和临床结果
，抗PD-1抗体+抗LAG-3抗体联用可以协同发挥功效
，通过逆转T细胞耗竭
，发挥安全高效的抗肿瘤效果
，如果后续成功将为ICI免疫治疗做出新的突破提供新的思路
。
那么看到这里
，就又不得不提到康方生物了
，康方极有见地的早早布置了PD1+LAG3/CD73这些涉及T细胞耗竭靶点的双抗
，希望康方生物等中国企业可以在这一领域做出属于自己的突破
。
图片来源
：康方生物官网
写在最后
，因为比较忙又头对头开的比较突然
，虽然心里脑里有过相关的储备预期
，但是写出来还是有一点赶
，先发出来和大家互相学习互相交流吧
，这部分工作其实国内除了康方像信达之类的公司都在这个领域有一些工作
，但是最像的还是康方这个
，也是希望大家都能有所突破
，证明中国生物科技的力量吧
，如果觉得写的不好
，还请大家多多见谅
，部分内容出自康方生物官网和Ngiow SF, Manne S, Huang YJ, et al. LAG-3 sustains TOX expression and regulates the CD94/NKG2-Qa-1b axis to govern exhausted CD8 T cell NK receptor expression and cytotoxicity. Cell. 2024;187(16):4336-4354.e19.如有侵权请联系删除
。文章仅作学术交流分享
，不构成投资建议
，风险提示
：本文所提到的观点仅代表个人的意见
，所涉及标的不作推荐
，据此买卖
，风险自负
。$康方生物(09926)$$信达生物(01801)$$恒瑞医药(SH600276)$"
301317513,2024-08-16 18:05,40,39,5,2/3,https://xueqiu.com/2693678800/301317513,关注临床数据，尤其是关注免疫治疗临床数据的人都会发现，在免疫治疗当中，尤其是anti-PD-1的抗体免疫治疗当中。入组的病人往往都是按照PD-L1来分组，那么有没有想过为什么怎么分组？这样分组有什么好处？这样分组对每款anti-PD-1抗体都是最有效的吗？那么要回答这些问题，我们首先要看看最先...,"使用Anti-PD-1抗体
，PD-L1是完美Marker吗
？
来自TfR1lyxxx快乐鼠鼠的雪球专栏
来源
：雪球App
，作者
： TfR1lyxxx快乐鼠鼠
，
（https://xueqiu.com/2693678800/301317513
）
关注临床数据
，尤其是关注免疫治疗临床数据的人都会发现
，在免疫治疗当中
，尤其是anti-PD-1的抗体免疫治疗当中
。入组的病人往往都是按照PD-L1来分组
，那么有没有想过为什么怎么分组
？这样分组有什么好处
？这样分组对每款anti-PD-1抗体都是最有效的吗
？
那么要回答这些问题
，我们首先要看看最先将这一分组运用发挥优势进而快速发展起来的药物K药Keytruda也就是帕博利珠单抗Pembrolizumab
，K药实际上是第二款在PD-1靶点上取得重大成功的药物
，但是现在却已经超越了先辈
，独占高峰
，登顶药王
，那么他是如何超越他的前辈O药Opdivo也就是纳武利尤单抗Nivolumab的呢
？这就要从PD-L1说起了
，K药在落后O药几年进度的情况下
，选择了在当时尚有争议的生物标志物筛选
，即选择了在肿瘤表面表达的PD-L1作为标记物
，通过它来帮助研究人员更有效的筛选出能接受免疫应答的患者
。通过这一筛选方法帮助K药快速寻找到最适合自己的高表达PD-L1的病人
，进而快速拿下了一系列本来进度较O药落后的适应症
。K药也是FDA首次基于生物标志物批准的药物
，虽然K药后续也开发了高微卫星不稳定性
（MSI-H
）和错配修复缺陷
（dMMR
）等用药marker但是PD-L1一直是K药最重要的marker之一
，虽然O药后续也尝试用类似方法进行追赶
，但是很多时候临床就是一步慢步步慢
，弯道超车终究只是少数
。
然而PD-L1的分组方式真的就是最正确的吗
？尤其是在现在联用甚至多特异性抗体发展的当下
，anti-PD-1抗体的作用还是一定依赖PD-L1来实现的吗
？
首先让我们看看为什么传统观点认为anti-PD-1抗体的作用是依赖PD-L1来实现的, 传统观点认为PD-1作为一种重要的免疫抑制分子
，PD-1与肿瘤细胞上的PD-L1结合
，抑制T细胞
，逃避肿瘤免疫应答
。Anti-PD-1抗体的作用就是阻断PD-1与PD-L1之间的结合
，让免疫细胞得以保持活性
，恢复其对肿瘤细胞的识别和杀伤力
。由此来看PD-L1的高表达确实是Anti-PD-1抗体能够发挥作用的关键
，然而这就包括了全部的事实吗
？
先看看现实世界的临床数据吧
，在一项多中心临床试验CA209-003中
，研究对象为多次治疗失败的晚期非小细胞肺癌
（NSCLC
）患者
，并给予O药
（纳武利尤单抗
）治疗
。结果显示
，所有患者的5年生存率达到了16%
。研究发现
，患者的生存时间与PD-L1表达水平呈正相关
，例如
，PD-L1表达水平超过50%的患者
，其5年生存率高达43%
。然而
，令人意外的是
，即使是PD-L1表达水平低于1%的患者
，其5年生存率也达到了20%
。更为重要的是
，那些对O药治疗有响应的PD-L1＜1%患者
，不仅总生存期显著延长
，其持续缓解时间
（DOR
）也与PD-L1≥50%的患者相当
。在国产PD-1抗体中类似的现象也屡见不鲜
，ORIENT-11是一项评估信迪利单抗或安慰剂联合培美曲塞和铂类用于晚期或复发性非鳞状非小细胞肺癌
（NSCLC
）一线治疗有效性和安全性的随机
、双盲
、Ⅲ期对照临床研究
。研究中发现主要组织相容性复合体
（MHC
）Ⅱ类通路相关基因的高表达与患者更长的PFS或者OS显著相关
。而对于PD-L1表达较低或者阴性的患者
，如果其MHC-Ⅱ类相关基因高表达
，则仍然能从联合治疗中获益。可见PD-L1在信迪利单抗治疗中大概率不是最合适的标志物
。而在恒瑞医药的卡瑞利珠单抗
，君实生物的特瑞普利单抗
，百济神州的替雷利珠单抗等也观察到了相似的现象
，这表明PD-L1并不是是anti-PD-1抗体发挥作用的必要条件
。
那么针对这一现象我们该如何解释呢
？其实目前已经有了许多观点
，很大一部分观点认为
，anti-PD-1抗体结合的只是PD-1阳性的细胞
，而PD-1阳性的细胞很大一部分正处于耗竭状态
，那么什么是T细胞耗竭呢
？T细胞耗竭
（T Cell Exhaustion
）就是指慢性感染或者癌症患者由于长期暴露于持续性抗原或慢性炎症
，体内T细胞功能丧失
。疲惫的T细胞逐渐失去效应功能
，记忆T细胞特征也开始缺失
。研究表明通过阻止PD-1等抑制性通路
，这种耗竭是可以逆转的
，至少部分逆转
。当然PD-1阳性的细胞中耗竭T细胞只是一个子集亚群
，耗竭T细胞的marker研究还有很多
，如CD73
，LAG3
，TIM-3等
，靶向这些通路的抗体都有逆转T细胞耗竭的潜力
，同时通过这些靶点的靶向将其他细胞因子等促进T细胞活性的药物用类似ADC的概念的方式携带过来也是当下的热点
，信达生物的IBI363和罗氏的PD1-IL2v都是类似的概念
。当然看到这些靶点
，想必很多人的第一反应都是康方生物的双抗
，康方生物恰恰构建了一系列的PD-1+CD73/LAG3的双抗
，可以预见这些双抗可能会对PD-L1阴性但仍会响应anti-PD-1抗体的患者通过逆转T细胞耗竭等可能的效应有着更好的效果
。
图片来源
：康方生物官网
写在后面
，这篇文章属于较为学术的分析
，仅作学术交流分享
，不构成投资建议
。K药后续也开发了一系列标志物试图扩大自己的适应症的同时挖掘自身的优势
，K药算是第一个享受到生物标志物诊断红利的人
，目前大多靶向PD-1的抗体仍在以PD-L1的老路前进
，但是数据上已经开始慢慢体现出这条路分出的岔路了
，希望中国企业可以发现更多更全面的标志物
，挖掘出属于自身的优势
。也希望可以和大家多多交流多多讨论
，如果有什么写的不好的
，也望大家见谅
。
本文部分内容出自康方生物官网
，恒瑞医药官网
，信达生物官网
，君实生物官网
，百济神州官网
，MSD官网
，BMS官网
，如有侵权请联系删除
。本文所提到的观点仅代表个人的意见
，所涉及标的不作推荐
，据此买卖
，风险自负
。$康方生物(09926)$$恒瑞医药(SH600276)$$信达生物(01801)$"
300650137,2024-08-11 17:28,182,519,12,2/3,https://xueqiu.com/2693678800/300650137,写在前面：最近看到社区里大家都在关注康方生物的AK117，甚至有部分观点认为康方应该放弃AK117，我对此有一些自己的理解，正好赶上自己的工作有了一定突破，或许离IND近了一点，就有了一些时间，写下这篇文章，仅作分享和学术讨论，不构成投资建议。可能文章稍有难度，重点我尽量加粗。先简单...,"历经风浪的CD47
：AK117的优势究竟在哪里
？
来自TfR1lyxxx快乐鼠鼠的雪球专栏
来源
：雪球App
，作者
： TfR1lyxxx快乐鼠鼠
，
（https://xueqiu.com/2693678800/300650137
）
写在前面
：最近看到社区里大家都在关注康方生物的AK117
，甚至有部分观点认为康方应该放弃AK117
，我对此有一些自己的理解
，正好赶上自己的工作有了一定突破
，或许离IND近了一点
，就有了一些时间
，写下这篇文章
，仅作分享和学术讨论
，不构成投资建议
。可能文章稍有难度
，重点我尽量加粗
。
先简单介绍下CD47
，CD47广泛分布于肿瘤细胞和正常细胞中
，尤其是在红细胞中
。目前
，CD47阻断抗体的主要副作用是红细胞凝集和贫血
，这限制了CD47抗体在临床中的应用
。目前正在探索几种方法来应对这些问题
。一部分抗体被设计成与红细胞上的CD47结合减弱
，而另一部分则被设计为双特异性抗体
，通过另一个靶点的高亲和力来减少与CD47的结合
。
在过去的几十年里
，免疫治疗在癌症治疗中显示出了显著的临床疗效
，特别是针对细胞毒性T淋巴细胞相关抗原4
（CTLA-4
）
、程序性细胞死亡蛋白-1
（PD-1
）和程序性死亡配体-1
（PD-L1
）的免疫检查点抑制剂
（ICIs
）
，这些抑制剂对多种癌症类型起作用
，主要作用于适应性免疫系统
。巨噬细胞是先天免疫系统的专业吞噬细胞
，广泛分布于我们身体的各个组织中
。它们通过吞噬作用吞噬肿瘤细胞
，而这种吞噬作用受促吞噬信号和抗吞噬信号的调节
。然而
，巨噬细胞的功能受制于一种吞噬作用免疫检查点
，即CD47‐SIRPα通路
。目前
，适应性ICIs与先天性ICIs联合使用已经成为一种新型的抗癌策略
，通过协同作用实现吞噬作用
、自然杀伤和T细胞介导的细胞毒性
。CD47是一种跨膜蛋白
，广泛存在于几乎所有人类细胞类型中
，并且在多种肿瘤类型中广泛过表达
。CD47的过表达与癌症患者的不良预后相关
。CD47通过与吞噬细胞上的SIRPα相互作用来抑制吞噬细胞的活性
，向先天免疫系统发出
“不要吃我
”的信号
，作为一种免疫逃逸机制
。近年来
，越来越多的研究集中于抗CD47免疫治疗
，有研究报告指出
，通过阻断CD47-SIRPα相互作用
，可以显著抑制肿瘤生长和转移
。阻断CD47-SIRPα相互作用可以有效促进巨噬细胞等吞噬细胞对肿瘤细胞的吞噬
，并通过抗原呈递细胞将肿瘤抗原处理并交叉呈递给T细胞
，从而激活适应性免疫反应
。此外
，阻断CD47还可以促进其他免疫细胞向肿瘤部位的募集
，以协同增强先天性和适应性免疫反应
，CD47阻断还通过树突状细胞触发T细胞反应
，激活适应性免疫系统
。树突状细胞在先天免疫反应和适应性免疫反应中起着关键作用
，并在T细胞介导的肿瘤免疫治疗中发挥重要作用
然而
，CD47-SIRPα轴可以影响红细胞
、血小板和造血干细胞的生存
。CD47广泛表达于多种人类细胞中
，包括红细胞和血小板
。因此
，抗CD47抗体通过阻断CD47可能会诱导细胞毒性
，导致严重的靶向非肿瘤毒性效应
，包括红细胞凝集
（血凝
）
、贫血和血小板聚集
。过去的几年中
，已有超过20种CD47相关的治疗药物在全球范围内进行的超过40项临床研究中用于治疗多种血液恶性肿瘤和实体瘤
。然而
，几项失败的临床研究为CD47药物的开发蒙上了阴影
。主要问题是单药治疗缺乏疗效
，以及贫血
、中性粒细胞减少症和血小板减少症的发生
。
2018年
，在复发/难治性急性髓性白血病和高危骨髓增生异常综合征患者中进行的CC-90002的I期剂量递增临床研究因单药疗效不足和抗药抗体的证据而终止
。尽管2019年在急性髓性白血病和骨髓增生异常综合征患者中进行的magrolimab
（Hu5F9-G4
）联合阿扎胞苷的Ib期临床研究显示出积极结果
，但仍需要采用
“启动剂量
”策略来改善贫血问题
。因此
，迫切需要开发下一代抗CD47抗体
，以克服上述问题并进一步提高安全性和治疗效果
。正是为了增强抗CD47抗体的耐受性
，调节由CD47-SIRPα信号介导的病理生理功能
，并保持抗肿瘤疗效
，康方生物开发了第二代抗CD47抗体ligufalimab
（AK117
）
。AK117
，是一种具有独特结构的人源化IgG4单克隆抗体
。Ligufalimab能够有效消除红细胞凝集和贫血
，并诱导强大的巨噬细胞介导的癌细胞吞噬作用
，在无需使用低
“启动
”剂量以防止贫血的情况下
，提高抗肿瘤效果
。
为了鉴定用于治疗靶向CD47的抗体
，康方生物基于自己的抗体筛选平台实施了一种策略
，其中包括在筛选层次结构中较高位置的红细胞凝集排除步骤
。发现了一种不诱导红细胞凝集的CD47阻断抗体
，后来将其人源化并命名为AK117
。
ELISA结果显示
，AK117能够以半数有效浓度
（EC50
）为0.078 nM的浓度特异性地结合人CD47抗原
。为了评估AK117的细胞结合活性
，使用高内源性CD47表达的不同肿瘤细胞进行了流式细胞术检测
。AK117与Jurkat和Raji细胞的EC50分别为0.40 nM和0.32 nM
，AK117在这些细胞上的结合活性与Hu5F9-G4相当
。这些结果表明
，AK117可以高亲和力特异性地结合人CD47
。同时AK117以EC50为0.194 nM的浓度与SIRPα-ECD竞争结合人CD4
。AK117在Jurkat和Raji细胞表面有效阻断了CD47-SIRPα相互作用
，其EC50分别为2.748 nM和0.4465 nM
，且AK117的阻断活性与Hu5F9-G4相当
。
红细胞凝集试验显示
，即使在高达3000 nM的浓度下
，AK117也不诱导红细胞凝集
，而Hu5F9-G4在低至4.1 nM的浓度下就能诱导红细胞凝集
。通过检测Hu5F9的双价性是否是Hu5F9凝集红细胞所必需的
，单价的Hu5F9-G4
、单价的AK117和双价的AK117均不诱导红细胞凝集
，而双价的Hu5F9-G4则诱导了红细胞凝集
。AK117诱导的红细胞吞噬作用显著低于Hu5F9-G4
。AK117以EC50为1.379 nM的浓度结合人红细胞
，其对红细胞的结合活性显著低于Hu5F9-G4
。这些结果表明
，AK117在血液毒性方面相较于Hu5F9-G4具有更好的安全性特征
。
通过抗体结构模拟和抗原结合对接分析解释了AK117不诱导红细胞凝集的潜在机制
。AK117和Hu5F9-G4都与CD47-ECD在特定区域发生相互作用
。将AK117和Hu5F9-G4的Fab片段叠加在CD47蛋白上
，发现AK117从CD47-ECD的侧面区域定向
，而Hu5F9-G4则在CD47-ECD上形成了头对头构
，表明AK117和Hu5F9-G4在CD47上的表位结合区域不同
。分析并比较AK117和Hu5F9-G4的Fab片段在CD47上的结合方向
，Fab Hu5F9-G4与CD47之间的夹角约为180度
，而AK117/CD47复合物形成了一个较小的夹角
。Hu5F9-G4与两个CD47蛋白结合
，并形成一个Y形构象
，两个CD47蛋白之间的距离很大
，二面角为28.5度
，AK117与两个CD47蛋白结合
，这两个蛋白几乎是平行的
，它们之间的间距较小
，二面角为40.0度
，AK117/CD47复合物的二面角较大
，但与Hu5F9-G4/CD47复合物相比
，这种差异不足以提供足够的空间来结合另一种细胞
。这一分析提示AK117由于其构象变化
，不太可能同时结合两个细胞
，而Y形构象与较大间距之间结合的两个CD47蛋白更有可能让Hu5F9-G4在两个不同的细胞上结合CD47
，从而导致红细胞凝集
。此外实验数据表明
，AK117引起的血红蛋白减少是暂时性的
，能够自行恢复
。
图片来源
：Tailong Qu et al. J Immunother Cancer 2022;10:e005517
AK117的I期临床研究还表明
，在接受每周45 mg/kg剂量的受试者中
，AK117具有良好的耐受性
，没有观察到剂量限制性毒性事件
，也没有患者出现与治疗相关的血液学不良事件
。因此
，AK117不需要较低的
“启动
”剂量来预防贫血
。在受试者外周血T淋巴细胞上
，AK117的CD47受体占有率在剂量为3mg/kg时就达到了100%
，在≥1 mg/kg时观察到外周血中完全且持久的受体占有率
。所有这些数据表明
，AK117在临床应用中具有出色的安全特性
。
之前的研究发现
，CD47上调限制了VEGF/VEGFR抑制剂的抗肿瘤作用
。阻断VEGF/VEGFR通路可增加肿瘤细胞上CD47的表达
，从而抑制巨噬细胞的抗肿瘤作用
，因认为同时阻断VEGF和CD47能够有效抑制抗血管生成治疗引起的免疫抑制途径
，并通过增强巨噬细胞介导的吞噬作用来改善抗肿瘤效果
。故康方生物开展了AK117+AK112临床
，同时CD47与PD-1
、CTLA-4不同的非特异性免疫解锁机制
，也让CD47+AK104或者CD47+AK112的组合成为特异性+非特异性免疫解锁激活协同互补的选择
。此外
，更加关键的是康方生物已经在后续管线中开发了Claudin18.2/CD47的双抗
，选择这两个高效但可能高毒的靶点做成双特异性抗体
，可以进一步发挥康方生物的双抗平台优势和抗体筛选能力
。
总结
：AK117与人类CD47具有高亲和力结合
，阻断了CD47-SIRPα的相互作用
，实现了出色的抗肿瘤效果
。更重要的是
，与Hu5F9-G4相比
，AK117不诱导红细胞凝集
，这为AK117的改良安全性提供了机制基础
。此外AK117引起的血红蛋白减少是暂时性的
，能够自行恢复
。CD47广泛分布于肿瘤细胞和正常细胞中
，尤其是在红细胞中
。目前
，CD47阻断抗体的主要副作用是红细胞凝集和贫血
，这限制了CD47抗体在临床中的应用
。目前正在探索几种方法来应对这些问题
。在这些情况下
，一些抗体被设计成与红细胞上的CD47结合很少
，而另一些则被设计为双特异性抗体
，通过另一个靶点的高亲和力来减少与CD47的结合
。一个重要的问题是
，降低CD47的亲和力是否也会影响CD47阻断的效果
，从而影响抗肿瘤效果
。研究发现
，AK117不诱导红细胞凝集
，同时还能维持对肿瘤细胞的CD47阻断的完全效果
。此外
，基于分子模拟的空间结构分析表明
，AK117/CD47复合物相比Hu5F9-G4/CD47复合物呈现出不同的结合构象
。Hu5F9-G4/CD47复合物的Y形构象可能有助于Hu5F9-G4与两个独立的红细胞结合
，而AK117则成功避免了这一点
。AK117阻断CD47增强巨噬细胞介导的吞噬作用来改善抗肿瘤效果
，还通过树突状细胞触发T细胞反应
，激活适应性免疫系统
。目前的临床数据也充分证明了AK117在临床应用中具有出色的安全特性
。
写在后面
：写的比较赶
，如果有错误还望大家海涵
，康方不是最早做CD47的
，所以吸取了很多前人的经验
，本来基于联用和双抗
，康方在CD47上只要得个90分不掉队就很好了
，但是由于其他先行者的失败
，硬是被推上了95分的期待
，现在看还不好说能不能成药
，但是康方敢于挑战的勇气
，和独特的抗体筛选方法确实值得期待
，个人还是非常期待AK117后续的临床进展的
，毕竟在非特异性免疫ICI上的突破会是十分具有意义的
。而且如果放弃CD47
，那么剩下的靶点其实就很少了
，康方要想真正的站在世界上
，做出一款这样的药
，会是最好的办法之一
。文中部分内容引自康方生物官网
，Tailong Qu et al. J Immunother Cancer 2022;10:e005517
，如有侵权
，请通知删除
。本文所提到的观点仅代表个人的意见
，所涉及标的不作推荐
，据此买卖
，风险自负
。谢谢大家
。$康方生物(09926)$$Summit Therapeutics(SMMT)$"
300143288,2024-08-06 20:09,133,185,10,3/3,https://xueqiu.com/2693678800/300143288,这篇文章是上次征集了大家的意见选出了大家最关心的问题，即“康方的双抗到底有什么优势？”这一问题。针对这一问题，其实有限的资料里大概率还是隐藏了一些药物设计的trick的，但是我将从我个人的角度带来分析，仅作分享和学术交流，不构成投资建议。由于AK112的优势在我的“从AK112看康方生...,"为什么是康方生物的双抗
？免疫治疗
：从单靶点单抗到联合治疗再到双抗
来自TfR1lyxxx快乐鼠鼠的雪球专栏
来源
：雪球App
，作者
： TfR1lyxxx快乐鼠鼠
，
（https://xueqiu.com/2693678800/300143288
）
这篇文章是上次征集了大家的意见选出了大家最关心的问题
，即
“康方的双抗到底有什么优势
？
”这一问题
。针对这一问题
，其实有限的资料里大概率还是隐藏了一些药物设计的trick的
，但是我将从我个人的角度带来分析
，仅作分享和学术交流
，不构成投资建议
。
由于AK112的优势在我的
“从AK112看康方生物对目前的免疫治疗联合血管正常化治疗的未满足领域的补充和基石药物的迭代
”网页链接和
“补充一下为什么说AK112满足了之前未被满足的免疫治疗+血管正常化治疗的需求
。
”网页链接这两篇文章中已经进行了大量的阐述
，这次我将以康方生物的另一款重磅药物AK104为例
，尝试回答大家关心的这一问题
，本文可能有部分内容较为难懂
，但我一般会在难懂的专业用语后加以总结
，还望大家海涵
。
首先简单介绍一下AK104
，AK104即卡度尼利
（Cadonilimab
）单抗
，是一款同时靶向PD-1和CTLA-4的双特异性抗体
，其是一种对称的四价双特异性抗体
，具有 Fc 无效
（Fc-null
）设计
。
在介绍AK104的优势所在之前
，我想先从104的靶点PD-1和CTLA-4进行简单的介绍
，如果这部分觉得看不懂或者不感兴趣可以选择跳过
。PD-1也是免疫球蛋白超家族的成员
，它通过与配体
（如程序性死亡配体1和2
（PD-L1/2
）
）结合
，向免疫系统传递抑制信号
，从而参与免疫稳态过程
。PD-1的表达范围比CTLA-4更广
，可以在T细胞
、B细胞
、NK细胞和多种外周组织中发现
。配体PD-L1广泛表达于免疫细胞
，包括T细胞
、B细胞
、树突状细胞
（DCs
）和巨噬细胞
，以及非淋巴组织
，包括肿瘤细胞或肿瘤微环境中的间质细胞
。PD-L2的表达更受限制
，但也在包括黑色素瘤在内的一系列肿瘤中得到证实
。PD-1在T细胞和B细胞活化过程中表达上调
。炎性细胞因子
，如IFN-γ
，被认为可以诱导PD-L1的表达
，并在较小程度上诱导PD-L2的表达
。PD-1与其配体结合后
，通过酪氨酸磷酸酶SHP2传递负信号以停止T细胞活性
。加入SHP2通过近端信号组分ZAP-70和PI3K的去磷酸化直接下调TCR信号
。PD-1表达与长期抗原暴露背景下的
“耗竭
”T细胞表型有关
。这种情况发生在癌症或慢性病毒感染的情况下
，长时间的T细胞刺激导致CD8 +细胞的效应功能逐渐下降
，这一结果被称为衰竭
。值得注意的是
，虽然PD-1是耗竭的标志
，但其单独表达并不能定义耗竭T细胞表型(通常是PD-1 + LAG-3 + TIM3 +)
。PD-1是T细胞活化的标志
，耗尽的T细胞表型是其中的一个子集
，这些耗尽的细胞仍然保留一些效应活性
。
而CTLA-4是一种免疫球蛋白细胞表面受体
，是T细胞活化的抑制剂
。它主要表达于naïve活化后的T细胞和FoxP3 +调节性T细胞(Tregs)
。T细胞活化不仅依赖于TCR与通过APC呈递的抗原的结合
，还依赖于共刺激第二信号的存在
，通常是通过T细胞上表达的CD28与APC上发现的CD80/86的结合
。缺少这一次级信号可能导致T细胞将呈递肽识别为
“自身抗原
”或对抗原产生耐受性
。CTLA-4是CD28的竞争性同源物
，与CD28相比
，它对CD80具有更高的亲和力(B7-1)
，对CD86具有较小的亲和力(B7-2)
，从而抑制T细胞共刺激
。TCR信号激活会快速上调T细胞表面CTLA-4的表达
。CTLA-4限制CD28下游信号通路
，抑制PI3K和AKT通路
，CTLA-4结合CD80/86介导细胞内负反馈通路
，通过酪氨酸磷酸酶SHP-2和丝氨酸/苏氨酸磷酸酶PP2A实现. 此外
，CTLA-4在细胞外通过胞吞作用从附近细胞(包括APC)中去除CD28配体CD80/86
，进一步抑制T细胞活化
。生理上
，CTLA-4被认为主要通过抑制T细胞活化和抑制效应T细胞的产生
，在局部次级淋巴器官中发挥T细胞启动的调节作用. 除了这一重要功能外
，CTLA-4还被认为可以抑制外周T细胞的激活
。
好
，总结一下
，说了这么多
，可以简单理解为PD-1和CTLA-4都是一把锁
，被用来保护机体正常细胞不被免疫细胞攻击
，但是肿瘤细胞即肿瘤微环境往往利用了这把锁
，来让肿瘤细胞免受免疫细胞的攻击
。
而我们常说的联合治疗即O+Y则是利用了这两个靶点的协同互补作用
（在细胞内
，PD-1和CTLA-4都通过SHP2进行信号传导
，并共同作用以抑制下游的PI3K信号传导
。同时
，CTLA-4的同源物CD28也是PD-1介导的去磷酸化的次级目标
，这导致进一步抑制共刺激
。
）而成为常常被拿来和康方AK104作比较的治疗方案
。而这一方案也确实与O或Y单药使用相比在很大程度上提升了治疗效果
，但是却带来了极大的副作用
。到这里
，免疫治疗从单靶点单抗进化到了双靶点单特异性抗体联用
。然而副作用的存在为康方生物AK104的崛起埋下了伏笔
。
具体来说靶向
（PD-1/PDL-1/CTLA-4等
）检查点的抗体阻断抑制可以减少正常的免疫自我耐受
，从而导致模仿自身免疫病的免疫相关不良事件
（immune-related Adverse Events, irAEs
）的发生
。根据不良事件通用术语标准对irAEs的严重程度进行分级
，其中1级为轻度事件
，5级为致命事件
。联合使用检查点抑制剂不仅提高了疗效
，同时也增加了毒性
，这限制了联合疗法在部分患者中的应用
。CHECKMATE 067试验报告
，在O+ Y
、O单用和Y单用组中
，发生3级或4级治疗相关不良事件的患者比例分别为59%
、23%和28%
。免疫相关不良事件
（irAEs
）经常导致检查点抑制剂
（CPI
）治疗的中断或停止
。在CHECKMATE 067研究中
，接受联合疗法的患者中有42%因irAEs停止治疗
，而使用Nivolumab单药治疗的患者中有13%停止治疗
，使用Ipilimumab单药治疗的患者中有15%停止治疗
。
而回到康方的AK104上
，前面提到其是一种对称的四价双特异性抗体
，具有 Fc-null设计
。那么如康方的官网图片所示康方是将自身早年成功研发的PD-1单抗
（AK105
）和CTLA-4单抗
（AK107或MK-1308
）通过其独特的Tetrabody平台进行了融合
，将CTLA-4单抗的与抗原结合的两个靶向区域结合在了PD-1单抗的末端
，形成了对称的四价双特异性抗体
，与之相对的是
，很多双抗是将靶向另一种抗原的一个靶向区域取代了原来的两个抗原结合区域中的一个
，变成了非对称的二价双特异性抗体
。二价抗体实际上需要在同一个细胞上同时存在两个靶点
。对于只表达一个靶点的细胞
，二价抗体的结合效力可能过低
，无法实现足够的靶点抑制
。这种抗PD-1/CTLA-4双特异性抗体的四价设计被认为在高水平共表达靶标的肿瘤组织中获得增强的结合亲和力
。与抗PD-1的O药和抗CTLA-4的Y药相比
，AK104在单独的CTLA-4和PD-1上表现出相似的结合活性
，AK104在共表达PD-1和CTLA-4高密度抗原的情况下表现出比低密度PD-1高10倍的结合亲和力
，而PD-1抗体在这两种情况下表现出相似的结合亲和力
。在肿瘤微环境
（tumor microenvironment, TME
）中
，肿瘤特异性T细胞上发现了PD-1和CTLA-4的聚集性的共表达
，而在正常外周组织中
，PD-1和/或CTLA-4的表达相对较低
。这表明AK104可能能够实现优先肿瘤滞留
，而抗PD-1或抗CTLA-4单特异性抗体则无法实现
。同时AK104的双特异性使得其可以同时靶向结合两个细胞
，这种双特异性抗体在TME中连接不同靶细胞的能力可能有助于肿瘤浸润淋巴细胞
（tumor Infiltrating lymphocytes, TILs
）的积累
。这种特性
，加上卡多尼单抗在TME中增强的抗原结合性
，可能有助于TME中更多TILs的积累
，同时AK104的跨细胞结合活性还可能有助于这种双特异性抗体在肿瘤组织中的保留,从而相比于单抗发挥更好的抗肿瘤效果
。
图片来源
：康方生物官网
同时康方生物还对双抗的Fc段进行了修饰
。已知irAEs与携带Fc受体的免疫细胞的招募有关
。Fc改造工程一直是调节抗体效应功能的策略
。在临床研究中
，针对PD-1和CTLA-4的双特异性抗体中
，XmAb20717和MGD019采用Fc-null设计
，MEDI5752通过Fc工程减弱ADCC
，而AK104采用Fc-null骨架以消除Fc介导的效应功能
，并消除包括IL-6和IL-8在内的促炎细胞因子的产生
。IL-6在接受抗PD-1治疗的患者中在irAEs中起着关键作用
。IL-6对T细胞介导的抗肿瘤免疫的免疫抑制作用已被广泛报道
。在治疗期间IL-6的增加与对PD-1阻断的临床反应不佳相关
。此外
，高IL-8水平与免疫检查点抑制剂治疗的效能降低有关
。在癌症患者中
，较高的IL-8水平预示着更差的临床结果
，阻断IL-8可以改善抗肿瘤免疫反应
。在我们的研究中
，与O药和Y药相比
，AK104产生的IL-6和IL-8分泌极少
。这一特性可能代表了AK104与抗PD-1和抗CTLA-4抗体组合不同的作用机制
，这可能会影响其安全性和效能
。
总结一下
，康方生物的AK104很好的诠释了双抗相比单抗联用的低毒高效的作用
，其对称的四价双特异性抗体和Fc-null设计等也有着和其他双抗一定程度的区分性差异性
，可以预见的是后来的模仿者和追赶者并不会少
，但是在专利保护和康方自身稳定产出的情况下
，康方生物还是具有很深的护城河的
。
写在后面
：本来这篇文章是要周末发的
，但是一些事情打乱了安排
，临时加更了出来
，写的一般还望大家海涵
，部分内容引自康方生物官网以及Pang X, Huang Z, Zhong T, et al. Cadonilimab, a tetravalent PD-1/CTLA-4 bispecific antibody with trans-binding and enhanced target binding avidity. MAbs. 2023;15(1):2180794. 和 Willsmore ZN, Coumbe BGT, Crescioli S, et al. Combined anti-PD-1 and anti-CTLA-4 checkpoint blockade: Treatment of melanoma and immune mechanisms of action. Eur J Immunol. 2021;51(3):544-556. 如有侵权请通知删除
，风险提示
：本文所提到的观点仅代表个人的意见
，所涉及标的不作推荐
，据此买卖
，风险自负
。本文仅作学术分享交流
，不构成投资建议
。$康方生物(09926)$$Summit Therapeutics(SMMT)$"
299331390,2024-07-30 21:47,68,48,2,3/3,https://xueqiu.com/2693678800/299331390,买一家公司的股票，最重要的是了解明白清楚你在投资什么，这次就简单聊聊我认为康方生物是一家什么样的公司，买入康方生物究竟是买了什么，投资了什么。当然我还是比较忙，时间有限，只能粗略讲讲大框架，至于细节有什么想听的欢迎大家留言，我之后有时间会尽量写一点。$康方生物(09926)$ $Summit ...,"买入康方生物
，你买的究竟是什么
？
来自TfR1lyxxx快乐鼠鼠的雪球专栏
来源
：雪球App
，作者
： TfR1lyxxx快乐鼠鼠
，
（https://xueqiu.com/2693678800/299331390
）
买一家公司的股票
，最重要的是了解明白清楚你在投资什么
，这次就简单聊聊我认为康方生物是一家什么样的公司
，买入康方生物究竟是买了什么
，投资了什么
。当然我还是比较忙
，时间有限
，只能粗略讲讲大框架
，至于细节有什么想听的欢迎大家留言
，我之后有时间会尽量写一点
。$康方生物(09926)$$Summit Therapeutics(SMMT)$
首先我先阐述我的认知
，我认为买入康方生物
，你买的是一家已经证明自己拥有平台技术
，可以持续稳定产生重磅药物
，经营合理
，发展路线明确
，愿意与股东沟通
，信息发布及时的港股上市的中国 18A Biotech 企业
。具体分几个大点
，将在后文阐述
。
一
、证明自己拥有平台技术
，可以持续稳定产生重磅药物
这点其实在我
“浅谈康方生物的一个难得之处
”网页链接这篇文章已经经过较为详细的阐述
，康方生物有这自己独特高效的的抗体筛选平台
，可以稳定快速的产出低毒高效的抗体
，再应用到自己更独特高效的双抗平台上
，就可以稳定高效的产出低毒高效的双抗
，这一点极为难得
，AK104和AK112的成功都证明了这一点
，后续也有很好的例子
，康方管线中的CD73单抗佐斯利单抗已经进入到了临床二期
，而紧跟着的就是PD-1/CD73的双抗
，目前进入到了临床一期
，很容易想到PD-1/CD73的双抗就如自己的前辈们一样
，用的就是康方自己的PD-1单抗派安普利和CD73单抗佐斯利单抗的结构
，这也是我认为康方最深的护城河和最大的优势之一
。
二
、经营合理
，发展路线明确
康方生物这家公司堪称同类型公司中的经营数一数二合理的公司
，其本身发展路线值得很多人学习
。首先就是管线上尽量突破内卷
，免疫治疗是趋势
，但是PD-1的赛道实在是过于火热
，内卷的不成样子
，但康方偏偏在内卷的赛道做出了自己的突破
，双抗药物很好的做到了之前PD-1单抗做不到的事
，不管是头对头K药
，替雷的AK112还是在PDL-1阴性及其突出的AK104
，做到了满足当前未被满足的需求
，避免了大量无意义的内卷带来的浪费和负担
。其次康方在出海方面也选择了很好的道路
，和SMMT合作可以说是双赢的合作
，同时自己也在做一些早期的其他药物的全球临床
，未来可进可退
，即可BD也可自己做下去
，SMMT将AK112成功上市后
，康方的国际认可度也会大幅度提升
。最后则是康方的控费
，康方虽然也是多次融资
，但是和一些其他同类公司不同
，康方的销售和研发花钱都还算是比较克制的
，这里面既有双抗平台的功劳
，很大一部分也是夏总的销售理念
。
三
、愿意与股东沟通
，信息发布及时
这一点其实长期关注医药板块和个股的人应该都能感觉到
，康方的信息公开比较及时
，公司高层也非常乐于面对股东和和投资者解答疑惑
，这一点对投资医药企业可以说是至关重要的
，我不喜欢批评拉踩别的公司
，但是同类型公司临床数据提前泄露的小作文总是让散户亏损巨大
，这也是显示
，而康方多次开会发生维护股价
，至少在态度和行为上也是非常值得其他公司学习的
。
四
、港股上市的中国 18A Biotech 企业
港股上市的中国 18A Biotech
，这里首先看看缺点
，康方身在港股
，多少也会收到港股本身的影响
，这一点我也在我早期的一篇帖子中有写到
“从港股创新药市场看康方生物估值
”是我在2024.07.03的一篇评论短文
，不得不说港股的表现一定程度上影响了康方的走势
。同时康方有是一家中国18A Biotech
，18A是指18A政策
，18A政策是香港证券交易所于2018年实施的一项上市规则
，旨在允许未盈利的生物科技公司在香港进行上市
，从而促进了创新药企和其他高科技企业的融资和发展
。18A政策很好的帮助了康方的融资发展
。那么康方作为中国的Biotech公司也是享受了很多政策支持的
，一方面国家发布了
“全链条
”在支出政策上给予了支持
，另一方面
，鼓励创新药出海
，康方的出海也还算比较成功
，两条腿走路
，两条腿都还算比较给力
，那么在
“全链条
”条和其他支持中国创新药政策当中
，除了支付端的改善还能看到很多其他的国家对创新药企业的重视和关怀
，比如上海250e的大基金
，比如
，一个月内应入尽入
，比如临床资源的整合等等等等
，这些都是作为中国BIotech公司享受到的国家的关爱和支持
。
写到最后
，还是那句话
，本文只是框架性的描述了
“买入康方生物
，你买的究竟是什么
？
”这个问题
，很多细节都没写
，写的一般
，但是如果有人对某些细节感兴趣
，欢迎多多讨论
，也欢迎多多留言告诉我有什么想让我写的细节
，本人能力和时间都有限
，但好在乐于分享
，只要大家不嫌我写的不好
，我能写的只要有时间都会尽量写给大家
，也希望和大家多多讨论交流
，$康方生物(09926)$"
298835540,2024-07-25 22:52,80,74,4,3/3,https://xueqiu.com/2693678800/298835540,相信很多人都有疑惑，为什么SMMT最近走的如此之好，而康方生物却走的如此纠结，明明SMMT只是拥有康方生物的AK112的部分海外权益。这个问题要想回答，要从康方生物和SMMT两个公司各自的特点来回答。首先说康方生物，关于康方生物为什么走的如此纠结我之前发过一帖，主要是港股本身的流动性有限...,"康方生物和SMMT的冰与火之歌
来自TfR1lyxxx快乐鼠鼠的雪球专栏
来源
：雪球App
，作者
： TfR1lyxxx快乐鼠鼠
，
（https://xueqiu.com/2693678800/298835540
）
相信很多人都有疑惑
，为什么SMMT最近走的如此之好
，而康方生物却走的如此纠结
，明明SMMT只是拥有康方生物的AK112的部分海外权益
。这个问题要想回答
，要从康方生物和SMMT两个公司各自的特点来回答
。
首先说康方生物
，关于康方生物为什么走的如此纠结我之前发过一帖
，主要是港股本身的流动性有限
，之前的大波动让很多人觉得风险过高
，以及部分投资者专业性不足
。除了这三点
，还有比较重要的一点是筹码结构分散了
，之前大跌5.24-5.30成交额放量
，康方一共放了70e港币左右的量
，这一批量的成本非常低
，康方日常的交易量大概平均不到2e每天
，换算下来就是30-40个交易日的量
，相对比SMMT放的量不到9kw刀
，而其日交易量在800w刀左右
，换算下来大概是15个交易日左右的量
，这两笔盘的短期获利筹码都是要消化的
，而康方明显需要的时间多得多
。
其次是SMMT
，我是非常敬佩杜根的
，在我眼里康方把112卖给杜根其实不亚于卖给其他的MNC
，一方面因为杜根的背书非常有分量
，且杜根非常擅长资本运作
；另一方面杜根大概率会把SMMT和112的权益卖给另一家MNC
，当然不是说SMMT不可能自己做销售
，但是大概率不会如此
，尤其是在收购了性价比较低的非美国等的市场后
，大概率还是要卖给其他MNC的
。而SMMT的优势在哪呢
？我认为主要是一下几个方面
，第一是可能被收购
，资本回报周期较短
，一旦被收购股东将快速受益
，而这一点康方是不太可能的
。第二是SMMT处于一个高风险偏好的投资风格市场中
，这一点毫无疑问让其估值大大提升
。第三则是筹码结构
，SMMT大部分筹码集中在大股东手里
，且之前放量其实相对康方生物较小
，短期获利盘消化要快得多
。第四则是美股本身的贝塔收益
，也是不能忽视的
。
那么看了这些二者的优劣后
，康方是不是真的不如SMMT呢
？也并非如此
，二者只是各有优劣罢了
。先从许多人最关心的利益分配来看
，康方生物有着5e刀预付款
，45e刀里程碑
，和低两位数的销售额分成
，这里里程碑条件和低两位数具体数字不确定
，但是低两位数一般是12-15左右
，里程碑大概率只能拿一部分
，但是这里的分成可是销售额而非利润
，康方完全不需承担前期可能占销售额过半的临床费用和销售费用
，举个例子
，K药的药王也是用上百e刀的临床费用堆起来的
，这都是康方无形中的获利
。再一点
，SMMT虽然有着被收购的预期
，可能短期回报率更高
，但是说到底
，其本身是不可持续的
，被收购后也无法继续参与
，康方则更像细水长流
，虽然中间有着各种礁石阻拦
，但是本身持续性和护城河要远高于SMMT
。
本来最近是没时间再写的
，但是正好等实验的时间空了一点
，就写下了一些想法
，肯定有所遗漏
，还望大家海涵
，也希望和大家多多交流
，互相学习
。$康方生物(09926)$$Summit Therapeutics(SMMT)$"
298218204,2024-07-20 22:19,60,18,4,3/3,https://xueqiu.com/2693678800/298218204,大背景可参看我上篇长文，文中反复提到了AK112满足了之前一直未被满足的免疫治疗+血管正常化治疗的需求。那么具体是什么样的需求呢？之前又为什么一直没被满足呢？首先先看看近年来免疫治疗+血管正常化主要的几个临床结果，先是可乐组合折戟，再是信迪利单抗+贝伐和阿替利珠单抗+贝伐+卡铂+紫...,"补充一下为什么说AK112满足了之前未被满足的免疫治疗+血管正常化治疗的需求
。
来自TfR1lyxxx快乐鼠鼠的雪球专栏
来源
：雪球App
，作者
： TfR1lyxxx快乐鼠鼠
，
（https://xueqiu.com/2693678800/298218204
）
大背景可参看我上篇长文
，文中反复提到了AK112满足了之前一直未被满足的免疫治疗+血管正常化治疗的需求
。那么具体是什么样的需求呢
？之前又为什么一直没被满足呢
？
首先先看看近年来免疫治疗+血管正常化主要的几个临床结果
，先是可乐组合折戟
，再是信迪利单抗+贝伐和阿替利珠单抗+贝伐+卡铂+紫杉醇的ABCP获批
。分两组看
，首先是可乐组合
，K+仑伐替尼
，K的效果毋庸置疑
，问题出在了仑伐替尼上
，仑伐替尼靶向性差
，毒性大在可乐组合的NCSLC临床中被暴露的一览无遗
，从PFS上看效果就已经很有限
，在肿瘤进展相似的情况下
，仑伐替尼的副作用严重伤害了OS
。接着是获批的两组
，两组的PD-1和PD-L1包括化疗其实都大差不差
，不是重点
，重点在于两者都使用了贝伐珠单抗
，贝伐珠单抗作为Anti-VEGF抗体
，也可以发挥血管正常化的作用
，协同免疫治疗发挥作用
，但是贝伐的毒性还是太大了
，尤其是在肺鳞癌当中
，咯血的大量发生是致命的是不可以被接受的
，所以这两种药物组合基本还是只能围绕非鳞癌去做
，而鳞癌则占了NSCLC的百分之30左右
，这百分之三十是完全没有被满足的需求
。
最后回到AK112身上
，为什么说AK112可以满足这部分需求
，一方面是康方自身的抗体筛选设计技术
，另一方面则是双抗平台的优势
，两者结合
，大大减少了血管正常化治疗的副作用
，在加强免疫治疗效果的同时
，也保证了血管正常化治疗的有效性和安全性
，甚至互相促进提高靶向性和亲和力
，可以说是很好的解决了现在免疫治疗+血管正常化治疗所存在的问题
，直击痛点
。
这篇文章也是忙里偷闲写的
，主要是为了补充上篇长文的一些细节和回答一些球友的问题
，分享出来和大家交流
，互相学习
。$康方生物(09926)$$Summit Therapeutics(SMMT)$
补充
：这次补充主要简单评价一下Leap006和Leap007这两项和K药PK的
，006其实是非鳞癌NSCLC
，其实就这点就已经没法和AK112直接比较了
，不过也拿出来一起看看吧
。
可以看到不管加不加化疗K+仑伐替尼
（可乐
）在PFS上至少都还凑合
，简单点讲就是肿瘤的大小等进展没变
，肿瘤没变大变多
，但是到OS就变了
，K+仑伐替尼甚至还不如K
，这就是我说的
，虽然肿瘤没有进展
，但是仑伐替尼的副作用太大了
，造成了病人身体的损伤
，寿命的缩短
，也导致了临床的失败
，这个其实从PFS和OS的HR都能看出来
，PFS的HR都至少0.78了
，OS的HR更是超过了1
，可也说是多终点的失败了
，而AK112目前看如果是强阳性的PFS
，肯定要大幅度好于Leap006和Leap007的PFS和PFS的HR
，也就能很好的补上这一尚未被满足的临床的需求
。另外附上今年的一篇综述
，网页链接
，详细分析了免疫治疗+血管正常化治疗目前的临床进展和总结的经验教训
。"
297963644,2024-07-18 15:02,111,31,3,3/3,https://xueqiu.com/2693678800/297963644,"最近还是很忙，其实也没太多时间写文更新，但是之前答应了要更一点，就稍微写一篇吧，这篇文主要是想从112的角度去看康方双抗药物的平台和战略方向的价值，以及我为什么认为康方生物的AK112能取得成功。在正文前面还是有些话要说，我认为AK104的优秀不亚于AK112,AK112能够BD快速出海还是因为...","从AK112看康方生物对目前的免疫治疗联合血管正常化治疗的未满足领域的补充和基石药物的迭代
来自TfR1lyxxx快乐鼠鼠的雪球专栏
来源
：雪球App
，作者
： TfR1lyxxx快乐鼠鼠
，
（https://xueqiu.com/2693678800/297963644
）
最近还是很忙
，其实也没太多时间写文更新
，但是之前答应了要更一点
，就稍微写一篇吧
，这篇文主要是想从112的角度去看康方双抗药物的平台和战略方向的价值
，以及我为什么认为康方生物的AK112能取得成功
。
在正文前面还是有些话要说
，我认为AK104的优秀不亚于AK112,AK112能够BD快速出海还是因为肺癌本身是癌症的最大市场
，而其他抗血管治疗在肺癌中由于副作用大等留下了未能满足的市场
，这种市场对于嗅觉灵敏的资本是最愿意去挖掘的
，所以就有了SMMT和康方的这次合作
。
前言说了太多
，简单介绍一下AK112
（其实关于112的介绍
，已经有很多帖子了
，就不在这里详细介绍了
）
，AK112就是将VEGF和PD-1的抗体通过康方的双抗平台融合产生的双抗药物
，同时具有对VEGF和PD-1的靶向性
。
其实PD-1和VEGF都是老靶点了
，虽然近年来二者的联用也算是有了一些热度
，但是真正做到112这种效果的极少
，简单介绍一下这两个靶点的作用吧PD-1相当于是体内免疫细胞的一把锁
，防止免疫细胞过度激活和错误激活
，在肿瘤微环境中的免疫细胞往往会被受到微环境影响而被上锁
，那么靶向类似PD-1靶点的一系列药物则是能打开这把锁的钥匙
，这种药物一般叫做免疫检查点抑制剂
（ICI, Immune Checkpoint Inhibitors
）
，近年来ICI成为了肿瘤免疫治疗( immuno- Oncology, IO)的主流药物
。VEGF
（vascular endothelial growth factor
）是血管内皮生长因子
，这里主要指的是VEGF家族中的VEGF-A蛋白
，有着改变血管通透性
，促进血管生长的作用
，在肿瘤微环境中经常大量表达
，同时近年来也证明了VEGF可以抑制效应T细胞等免疫细胞发挥功能
，招募抑制性T细胞和MDSCs等免疫抑制细胞
，靶向VEGF的抗体可以使肿瘤血管正常化
，有利于免疫细胞的浸润并改善肿瘤的微环境
。
那么正如前面提到的
，ICI+肿瘤血管正常化在近些年来已经有很多文献和临床数据证明了其有效性
，比较有名的比如说MSD的可乐组合等
，但是为什么说能做到112这样的少呢
？这就要提到目前可乐组合以及贝伐多次折戟沉沙的原因分析了
，在ICI联合血管正常化治疗NSCLC等适应症中往往会出现PFS阳性
，OS阴性的临床结果
，一般认为原因源自于血管正常化治疗的毒性和对淋巴管生成的影响等
，究其原因还是靶向性不足
。而双抗就很好的解决了靶向性不足
，同时康方本身的抗体设计和筛选也正如我所说
，加强了这一点
，在VEGF存在下
，AK112与PD-1的亲和力增加了10多倍
。在PD-1存在下
，AK112对VGEF的亲和力也提升了数倍
。同时现有的临床数据也可以看到112的安全性之好
，哪怕是在鳞癌这种大多抗血管治疗折戟沉沙的领域
，也能取得非常好的安全性
，那么在这种条件下
，在已知头对头各分组阳性的情况下
，我个人认为康方的OS也大概率会取得很不错的结果
。这也是为什么前面说AK112解决的是一个尚未被满足的领域
。
写到这里想表达的已经差不多了
，其实自己对自己临时写出来的东西还是不满意的
，有些细节还是写的太粗糙
，但是确实没时间细写了
，分享出来和大家共同学习吧
。$康方生物(09926)$$Summit Therapeutics(SMMT)$"
297047755,2024-07-10 22:44,123,71,14,3/3,https://xueqiu.com/2693678800/297047755,本来想写一篇长文来描述对康方的看法，奈何最近处于筚路蓝缕阶段，科研转化工作要带新人实在没时间，只能碎片化的记录一些观点了。康方有很多长处，很多优点，比如乐于沟通的管理层，出色的出海效率，现金流的高效利用等，但这些都不是这次要分享的，这次主要想谈谈康方在我眼中最出色最难得...,"浅谈康方生物的一个难得之处
来自TfR1lyxxx快乐鼠鼠的雪球专栏
来源
：雪球App
，作者
： TfR1lyxxx快乐鼠鼠
，
（https://xueqiu.com/2693678800/297047755
）
本来想写一篇长文来描述对康方的看法
，奈何最近处于筚路蓝缕阶段
，科研转化工作要带新人实在没时间
，只能碎片化的记录一些观点了
。
康方有很多长处
，很多优点
，比如乐于沟通的管理层
，出色的出海效率
，现金流的高效利用等
，但这些都不是这次要分享的
，这次主要想谈谈康方在我眼中最出色最难得的优势
——双抗技术平台
首先是什么叫做技术平台
，举几个例子大家就知道了
，mRNA疫苗技术平台的代表企业MRNA和BioNTech, ADC技术平台代表企业第一三共
，这些公司都可以依赖于技术平台高效率的输出同类型药物
，丰富管线
，步步领先
。我认为康方是同类型企业
，双抗技术平台将帮助康方快速的稳定的产出一系列药物
，104和112就证明了这一点
，kf的抗体平台技术本就很强
，尤其是在高效的同时保持低毒性这一点
，甚至有可能在很多MNC和biotech都折戟CD47上也取得成功
，而康方的双抗更是放大了这一特点
，本身就有这双特异性的高效低毒的双抗加上康方单抗就有的高效低毒
，造就了康方现在的技术平台
，康方只需要将自己的后续单抗如靶向CD47
，CD73的单抗等用104和112一样的技术平台fusion成双抗即可
，实际上104,112包括后续的一系列双抗如PD-1/CD73双抗基本也就是这么来的
，这样的平台正是康方生物的基石
。
或许有人会问
，这样的平台只有康方有吗
？这个问题确实关键
，如果有太多同质的平台
，康方生物将毫无护城河
，但是让我们看看现在的双抗领域
，其中很大一部分做的都是BiTE
，BiTE的本质就是将免疫细胞拉向需要他杀伤的细胞的桥梁
，和康方的主要方向其实并不在一条路上
，其余做双抗的公司也并无太大优势
，疗效和成功率能和康方比的可以说是几乎没有
，甚至可以说在免疫治疗双抗上康方生物是彻彻底底大幅领先的
。基于此
，我认为康方的双抗平台完全是自己最深的护城河之一
，前人很多
，后来者也不少
，康方肯定也是吸取了前人的经验
，但后来者想模仿康方也不容易
，期待康方后续的头对头数据
，更期待后续更多的源自平台的高效低毒的真正的差异化的产品
。"
